geography,device_type_code,id,device_type_description,array_name,upload_id,cpu_util,latency_capacity,data_mover_capacity,tier,price_per_gb,ttl_iops,ttl_latency,ttl_used,ttl_usable,pct_used,ttl_allocated,client_id,period_id
,V7000_DEVICE,71904,IBM V7000 Device,STGCLD02,120333,100.0,10.0,-1.0,1,$1.75 ,6657.25,0.13,62.96,197.37,31.9,542.21,137,1467
,V7000_DEVICE,71918,IBM V7000 Device,STGCLD03,120339,100.0,10.0,-1.0,1,$1.75 ,11368.21,0.97,154.13,202.06,76.28,434.77,137,1467
,VMAX_DEVICE,72001,EMC VMax Device,VMAX-197801529,120550,100.0,10.0,-1.0,1,$3.00 ,0.0,0.0,147.67,191.21,77.23,152.62,137,1468
,VMAX_DEVICE,72002,EMC VMax Device,VMAX-197801527,120551,100.0,10.0,-1.0,1,$3.00 ,0.0,0.0,47.93,195.93,24.46,48.15,137,1468
,V7000_DEVICE,72074,IBM V7000 Device,STGCLD02,120661,100.0,10.0,-1.0,1,$1.75 ,11672.98,0.12,62.96,197.35,31.9,542.21,137,1469
,V7000_DEVICE,72075,IBM V7000 Device,STGCLD03,120663,100.0,10.0,-1.0,1,$1.75 ,27351.15,1.52,154.35,202.07,76.39,434.77,137,1469
,VMAX_DEVICE,72076,EMC VMax Device,VMAX-197801529,120677,100.0,10.0,-1.0,1,$3.00 ,0.0,0.0,146.69,191.09,76.76,151.75,137,1469
,VMAX_DEVICE,72077,EMC VMax Device,VMAX-197801527,120678,100.0,10.0,-1.0,1,$3.00 ,0.0,0.0,47.65,195.89,24.33,47.92,137,1469
,V7000_DEVICE,72212,IBM V7000 Device,STGCLD02,120886,100.0,10.0,-1.0,1,$1.75 ,13627.62,0.14,62.98,197.38,31.91,542.21,137,1470
,V7000_DEVICE,72213,IBM V7000 Device,STGCLD03,120887,100.0,10.0,-1.0,1,$1.75 ,27489.72,1.63,154.42,202.04,76.43,434.77,137,1470
,V7000_DEVICE,72282,IBM V7000 Device,STGCLD02,120993,100.0,10.0,-1.0,1,$1.75 ,11175.73,0.12,63.01,197.34,31.93,542.21,137,1471
,V7000_DEVICE,72283,IBM V7000 Device,STGCLD03,120995,100.0,10.0,-1.0,1,$1.75 ,27988.66,1.55,154.43,202.07,76.42,434.77,137,1471
,VMAX_DEVICE,72284,EMC VMax Device,VMAX-197801529,121005,100.0,10.0,-1.0,1,$3.00 ,0.0,0.0,149.2,191.04,78.09,154.31,137,1471
,VMAX_DEVICE,72285,EMC VMax Device,VMAX-197801527,121006,100.0,10.0,-1.0,1,$3.00 ,0.0,0.0,50.58,195.93,25.81,50.8,137,1471
,V7000_DEVICE,72915,IBM V7000 Device,STGCLD02,122031,100.0,10.0,-1.0,1,$1.75 ,9054.32,0.11,62.99,197.37,31.91,542.21,137,1474
,V7000_DEVICE,72916,IBM V7000 Device,STGCLD03,122033,100.0,10.0,-1.0,1,$1.75 ,9611.39,0.84,153.92,202.06,76.17,434.77,137,1474
,VMAX_DEVICE,72918,EMC VMax Device,VMAX-197801527,122050,100.0,10.0,-1.0,1,$3.00 ,1793.0,0.0,50.38,195.9,25.72,50.65,137,1474
,VMAX_DEVICE,72917,EMC VMax Device,VMAX-197801529,122049,100.0,10.0,-1.0,1,$3.00 ,33956.08,0.0,147.15,190.76,77.14,152.56,137,1474
,V7000_DEVICE,73827,IBM V7000 Device,STGCLD02,123197,100.0,10.0,-1.0,1,$1.75 ,11838.43,0.12,62.99,197.37,31.92,542.21,137,1476
,V7000_DEVICE,73830,IBM V7000 Device,STGCLD03,123199,100.0,10.0,-1.0,1,$1.75 ,24402.59,1.5,154.51,202.06,76.47,434.77,137,1476
,VMAX_DEVICE,73832,EMC VMax Device,VMAX-197801527,123209,100.0,10.0,-1.0,1,$3.00 ,3360.0,0.0,51.32,195.91,26.19,51.56,137,1476
,VMAX_DEVICE,73831,EMC VMax Device,VMAX-197801529,123208,100.0,10.0,-1.0,1,$3.00 ,34366.58,0.0,149.32,190.14,78.53,155.33,137,1476
,V7000_DEVICE,74259,IBM V7000 Device,STGCLD02,123875,100.0,10.0,-1.0,1,$1.75 ,10826.3,0.11,63.0,197.37,31.92,542.21,137,1478
,V7000_DEVICE,74260,IBM V7000 Device,STGCLD03,123877,100.0,10.0,-1.0,1,$1.75 ,27122.11,1.55,154.37,202.07,76.4,434.77,137,1478
,VMAX_DEVICE,74261,EMC VMax Device,VMAX-197801529,123887,100.0,10.0,-1.0,1,$3.00 ,27361.33,0.0,124.8,190.93,65.36,130.03,137,1478
,VMAX_DEVICE,74262,EMC VMax Device,VMAX-197801527,123888,100.0,10.0,-1.0,1,$3.00 ,2302.5,0.0,50.54,195.89,25.8,50.8,137,1478
,V7000_DEVICE,74874,IBM V7000 Device,STGCLD02,124893,100.0,10.0,-1.0,1,$1.75 ,5406.06,0.14,63.35,197.37,32.1,542.21,137,1481
,V7000_DEVICE,74878,IBM V7000 Device,STGCLD03,124894,100.0,10.0,-1.0,1,$1.75 ,17702.27,0.73,153.99,202.06,76.21,434.77,137,1481
,VMAX_DEVICE,74879,EMC VMax Device,VMAX-197801529,124912,100.0,10.0,-1.0,1,$3.00 ,43237.75,0.0,121.51,191.13,63.57,126.54,137,1481
,VMAX_DEVICE,74880,EMC VMax Device,VMAX-197801527,124913,100.0,10.0,-1.0,1,$3.00 ,1693.67,0.0,51.72,195.92,26.4,51.96,137,1481
,V7000_DEVICE,75220,IBM V7000 Device,STGCLD02,125484,100.0,10.0,-1.0,1,$1.75 ,6585.27,0.13,63.37,197.37,32.11,542.21,137,1483
,V7000_DEVICE,75221,IBM V7000 Device,STGCLD03,125487,100.0,10.0,-1.0,1,$1.75 ,23018.07,1.2,154.0,202.06,76.21,434.77,137,1483
,VMAX_DEVICE,75223,EMC VMax Device,VMAX-197801527,125496,100.0,10.0,-1.0,1,$3.00 ,1660.25,0.0,50.96,195.9,26.02,51.22,137,1483
,VMAX_DEVICE,75222,EMC VMax Device,VMAX-197801529,125495,100.0,10.0,-1.0,1,$3.00 ,39324.5,0.0,122.28,191.49,63.86,126.95,137,1483
,V7000_DEVICE,75621,IBM V7000 Device,STGCLD02,126131,100.0,10.0,-1.0,1,$1.75 ,10968.14,0.12,63.39,197.38,32.12,542.21,137,1485
,V7000_DEVICE,75624,IBM V7000 Device,STGCLD03,126134,100.0,10.0,-1.0,1,$1.75 ,28055.17,1.53,154.52,202.07,76.47,434.77,137,1485
,VMAX_DEVICE,75626,EMC VMax Device,VMAX-197801527,126146,100.0,10.0,-1.0,1,$3.00 ,2845.25,0.0,49.65,195.91,25.34,49.9,137,1485
,VMAX_DEVICE,75625,EMC VMax Device,VMAX-197801529,126145,100.0,10.0,-1.0,1,$3.00 ,36879.67,0.0,123.2,192.21,64.1,127.15,137,1485
,V7000_DEVICE,76369,IBM V7000 Device,STGCLD02,127356,100.0,10.0,-1.0,1,$1.75 ,6245.37,0.12,63.49,197.38,32.17,542.21,137,1488
,V7000_DEVICE,76371,IBM V7000 Device,STGCLD03,127360,100.0,10.0,-1.0,1,$1.75 ,32458.38,1.15,154.99,202.05,76.71,434.77,137,1488
,VMAX_DEVICE,76373,EMC VMax Device,VMAX-197801527,127405,100.0,10.0,-1.0,1,$3.00 ,1909.08,0.0,49.72,195.99,25.37,49.89,137,1488
,VMAX_DEVICE,76372,EMC VMax Device,VMAX-197801529,127404,100.0,10.0,-1.0,1,$3.00 ,43121.92,0.0,120.05,191.8,62.59,124.4,137,1488
,V7000_DEVICE,76718,IBM V7000 Device,STGCLD02,127978,100.0,10.0,-1.0,1,$1.75 ,10730.53,0.12,63.42,197.37,32.13,542.21,137,1490
,V7000_DEVICE,76721,IBM V7000 Device,STGCLD03,127980,100.0,10.0,-1.0,1,$1.75 ,21906.73,1.43,154.24,202.07,76.33,434.77,137,1490
,VMAX_DEVICE,76720,EMC VMax Device,VMAX-197801527,128030,100.0,10.0,-1.0,1,$3.00 ,6926.58,0.0,49.32,195.95,25.17,49.52,137,1490
,VMAX_DEVICE,76719,EMC VMax Device,VMAX-197801529,128028,100.0,10.0,-1.0,1,$3.00 ,41322.58,0.0,119.51,191.92,62.27,123.75,137,1490
,V7000_DEVICE,77183,IBM V7000 Device,STGCLD02,128910,100.0,10.0,-1.0,1,$1.75 ,10354.75,0.13,63.41,197.37,32.13,542.21,137,1492
,V7000_DEVICE,77186,IBM V7000 Device,STGCLD03,128912,100.0,10.0,-1.0,1,$1.75 ,26946.15,1.33,154.66,202.06,76.54,434.77,137,1492
,VMAX_DEVICE,77184,EMC VMax Device,VMAX-197801529,128934,100.0,10.0,-1.0,1,$3.00 ,40089.5,0.0,120.95,192.39,62.87,124.72,137,1492
,VMAX_DEVICE,77185,EMC VMax Device,VMAX-197801527,128935,100.0,10.0,-1.0,1,$3.00 ,13979.5,0.0,53.53,195.91,27.32,53.77,137,1492
,V7000_DEVICE,78979,IBM V7000 Device,STGCLD02,131453,100.0,10.0,-1.0,1,$1.75 ,5387.12,0.13,63.46,197.37,32.15,542.21,137,1495
,V7000_DEVICE,78980,IBM V7000 Device,STGCLD03,131454,100.0,10.0,-1.0,1,$1.75 ,12899.16,0.79,153.96,202.06,76.2,434.77,137,1495
,VMAX_DEVICE,78981,EMC VMax Device,VMAX-197801529,131465,100.0,10.0,-1.0,1,$3.00 ,44788.83,0.0,118.89,192.17,61.87,122.88,137,1495
,VMAX_DEVICE,78982,EMC VMax Device,VMAX-197801527,131466,100.0,10.0,-1.0,1,$3.00 ,3513.75,0.0,67.46,194.91,34.61,68.71,137,1495
,V7000_DEVICE,79314,IBM V7000 Device,STGCLD02,132046,100.0,10.0,-1.0,1,$1.75 ,10343.72,0.12,63.46,197.37,32.16,542.21,137,1497
,V7000_DEVICE,79315,IBM V7000 Device,STGCLD03,132047,100.0,10.0,-1.0,1,$1.75 ,17096.7,1.39,154.74,202.07,76.58,434.77,137,1497
,VMAX_DEVICE,79317,EMC VMax Device,VMAX-197801527,132063,100.0,10.0,-1.0,1,$3.00 ,2307.58,0.0,74.94,194.48,38.53,76.61,137,1497
,VMAX_DEVICE,79316,EMC VMax Device,VMAX-197801529,132062,100.0,10.0,-1.0,1,$3.00 ,44137.58,0.0,120.08,192.21,62.47,124.03,137,1497
,V7000_DEVICE,79711,IBM V7000 Device,STGCLD02,132717,100.0,10.0,-1.0,1,$1.75 ,10197.1,0.12,63.46,197.37,32.15,542.21,137,1499
,V7000_DEVICE,79712,IBM V7000 Device,STGCLD03,132721,100.0,10.0,-1.0,1,$1.75 ,26625.48,1.44,154.28,202.06,76.35,434.77,137,1499
,VMAX_DEVICE,79714,EMC VMax Device,VMAX-197801527,132732,100.0,10.0,-1.0,1,$3.00 ,6872.67,0.0,75.02,194.82,38.51,76.36,137,1499
,VMAX_DEVICE,79713,EMC VMax Device,VMAX-197801529,132731,100.0,10.0,-1.0,1,$3.00 ,38738.58,0.0,119.85,192.5,62.26,123.51,137,1499
,V7000_DEVICE,80326,IBM V7000 Device,STGCLD02,133776,100.0,10.0,-1.0,1,$1.75 ,5611.84,0.14,63.5,197.37,32.17,542.21,137,1502
,V7000_DEVICE,80329,IBM V7000 Device,STGCLD03,133778,100.0,10.0,-1.0,1,$1.75 ,14695.09,0.86,153.57,202.06,76.0,434.77,137,1502
,VMAX_DEVICE,80330,EMC VMax Device,VMAX-197801529,133794,100.0,10.0,-1.0,1,$3.00 ,37249.17,0.0,119.35,192.32,62.06,123.19,137,1502
,VMAX_DEVICE,80331,EMC VMax Device,VMAX-197801527,133795,100.0,10.0,-1.0,1,$3.00 ,4719.33,0.0,76.63,195.01,39.29,77.77,137,1502
,V7000_DEVICE,80660,IBM V7000 Device,STGCLD02,134371,100.0,10.0,-1.0,1,$1.75 ,10977.15,0.11,63.5,197.38,32.17,542.21,137,1504
,V7000_DEVICE,80661,IBM V7000 Device,STGCLD03,134373,100.0,10.0,-1.0,1,$1.75 ,30405.7,1.47,154.1,202.07,76.26,434.77,137,1504
,VMAX_DEVICE,80663,EMC VMax Device,VMAX-197801527,134387,100.0,10.0,-1.0,1,$3.00 ,3647.5,0.0,77.15,195.03,39.56,78.27,137,1504
,VMAX_DEVICE,80662,EMC VMax Device,VMAX-197801529,134386,100.0,10.0,-1.0,1,$3.00 ,43125.83,0.0,119.56,192.21,62.2,123.51,137,1504
,V7000_DEVICE,81036,IBM V7000 Device,STGCLD02,135008,100.0,10.0,-1.0,1,$1.75 ,10828.68,0.12,63.48,197.37,32.16,542.21,137,1506
,V7000_DEVICE,81037,IBM V7000 Device,STGCLD03,135009,100.0,10.0,-1.0,1,$1.75 ,27309.11,1.48,154.33,202.06,76.38,434.77,137,1506
,VMAX_DEVICE,81038,EMC VMax Device,VMAX-197801529,135020,100.0,10.0,-1.0,1,$3.00 ,39549.33,0.0,123.35,192.78,63.98,126.73,137,1506
,VMAX_DEVICE,81039,EMC VMax Device,VMAX-197801527,135021,100.0,10.0,-1.0,1,$3.00 ,3407.17,0.0,75.7,194.91,38.84,76.94,137,1506
,V7000_DEVICE,81715,IBM V7000 Device,STGCLD02,136141,100.0,10.0,-1.0,1,$1.75 ,15677.78,0.14,63.51,197.37,32.18,542.21,137,1509
,V7000_DEVICE,81716,IBM V7000 Device,STGCLD03,136142,100.0,10.0,-1.0,1,$1.75 ,26339.21,1.06,150.82,199.54,75.58,434.77,137,1509
,VMAX_DEVICE,81718,EMC VMax Device,VMAX-197801527,136163,100.0,10.0,-1.0,1,$3.00 ,3048.0,0.0,74.29,195.0,38.1,75.44,137,1509
,V7000_DEVICE,82042,IBM V7000 Device,STGCLD02,136741,100.0,10.0,-1.0,1,$1.75 ,10968.26,0.12,63.46,197.37,32.15,542.21,137,1511
,V7000_DEVICE,82043,IBM V7000 Device,STGCLD03,136743,100.0,10.0,-1.0,1,$1.75 ,29099.37,1.43,154.26,202.07,76.34,434.77,137,1511
,VMAX_DEVICE,82045,EMC VMax Device,VMAX-197801527,136757,100.0,10.0,-1.0,1,$3.00 ,3140.5,0.0,75.11,195.07,38.5,76.2,137,1511
,VMAX_DEVICE,82044,EMC VMax Device,VMAX-197801529,136756,100.0,10.0,-1.0,1,$3.00 ,38965.58,0.0,117.09,192.19,60.92,121.06,137,1511
,V7000_DEVICE,82447,IBM V7000 Device,STGCLD02,137408,100.0,10.0,-1.0,1,$1.75 ,10839.92,0.13,63.47,197.36,32.16,542.21,137,1513
,V7000_DEVICE,82450,IBM V7000 Device,STGCLD03,137409,100.0,10.0,-1.0,1,$1.75 ,27570.58,1.36,154.25,202.07,76.33,434.77,137,1513
,VMAX_DEVICE,82449,EMC VMax Device,VMAX-197801527,137430,100.0,10.0,-1.0,1,$3.00 ,2929.5,0.0,76.73,195.29,39.29,77.6,137,1513
,VMAX_DEVICE,82448,EMC VMax Device,VMAX-197801529,137429,100.0,10.0,-1.0,1,$3.00 ,38814.5,0.0,117.56,192.53,61.06,121.19,137,1513
,V7000_DEVICE,83087,IBM V7000 Device,STGCLD03,138499,100.0,10.0,-1.0,1,$1.75 ,13979.04,0.82,153.83,202.06,76.13,434.77,137,1516
,VMAX_DEVICE,83085,EMC VMax Device,VMAX-197801529,138543,100.0,10.0,-1.0,1,$3.00 ,43444.83,0.0,116.29,192.24,60.49,120.21,137,1516
,VMAX_DEVICE,83086,EMC VMax Device,VMAX-197801527,138544,100.0,10.0,-1.0,1,$3.00 ,2924.08,0.0,74.96,195.04,38.43,76.08,137,1516
,V7000_DEVICE,83563,IBM V7000 Device,STGCLD02,139316,100.0,10.0,-1.0,1,$1.75 ,10237.05,0.11,63.51,197.37,32.18,542.21,137,1518
,V7000_DEVICE,83567,IBM V7000 Device,STGCLD03,139317,100.0,10.0,-1.0,1,$1.75 ,28366.6,1.53,154.36,202.06,76.39,434.77,137,1518
,VMAX_DEVICE,83566,EMC VMax Device,VMAX-197801527,139339,100.0,10.0,-1.0,1,$3.00 ,2355.83,0.0,74.9,194.91,38.43,76.15,137,1518
,VMAX_DEVICE,83565,EMC VMax Device,VMAX-197801529,139338,100.0,10.0,-1.0,1,$3.00 ,39719.25,0.0,116.52,192.15,60.64,120.53,137,1518
,V7000_DEVICE,83924,IBM V7000 Device,STGCLD02,139937,100.0,10.0,-1.0,1,$1.75 ,10105.44,0.12,63.51,197.36,32.18,542.21,137,1520
,V7000_DEVICE,83928,IBM V7000 Device,STGCLD03,139938,100.0,10.0,-1.0,1,$1.75 ,27414.91,1.5,154.53,202.06,76.48,434.77,137,1520
,VMAX_DEVICE,83925,EMC VMax Device,VMAX-197801529,139961,100.0,10.0,-1.0,1,$3.00 ,40465.5,0.0,118.74,192.53,61.67,122.37,137,1520
,VMAX_DEVICE,83927,EMC VMax Device,VMAX-197801527,139962,100.0,10.0,-1.0,1,$3.00 ,3731.83,0.0,76.63,195.17,39.26,77.62,137,1520
,V7000_DEVICE,84588,IBM V7000 Device,STGCLD02,141093,100.0,10.0,-1.0,1,$1.75 ,7611.66,0.12,63.54,197.37,32.19,542.21,137,1523
,VMAX_DEVICE,84591,EMC VMax Device,VMAX-197801529,141119,100.0,10.0,-1.0,1,$3.00 ,47411.25,0.0,116.97,192.22,60.85,120.91,137,1523
,VMAX_DEVICE,84590,EMC VMax Device,VMAX-197801527,141120,100.0,10.0,-1.0,1,$3.00 ,2628.25,0.0,75.35,195.02,38.64,76.49,137,1523
,V7000_DEVICE,84906,IBM V7000 Device,STGCLD02,141686,100.0,10.0,-1.0,1,$1.75 ,11587.14,0.12,63.55,197.38,32.2,542.21,137,1525
,V7000_DEVICE,84909,IBM V7000 Device,STGCLD03,141688,100.0,10.0,-1.0,1,$1.75 ,17910.82,1.78,154.48,202.06,76.45,434.77,137,1525
,VMAX_DEVICE,84907,EMC VMax Device,VMAX-197801529,141703,100.0,10.0,-1.0,1,$3.00 ,43705.25,0.0,117.15,192.07,61.0,121.25,137,1525
,VMAX_DEVICE,84908,EMC VMax Device,VMAX-197801527,141704,100.0,10.0,-1.0,1,$3.00 ,3351.5,0.0,76.04,195.06,38.98,77.13,137,1525
,VMAX_DEVICE,85214,EMC VMax Device,VMAX-197801529,142221,100.0,10.0,-1.0,1,$3.00 ,41140.83,0.0,119.03,192.48,61.84,122.71,137,1527
,VMAX_DEVICE,85215,EMC VMax Device,VMAX-197801527,142222,100.0,10.0,-1.0,1,$3.00 ,2692.5,0.0,75.44,195.09,38.67,76.51,137,1527
,V7000_DEVICE,85225,IBM V7000 Device,STGCLD02,142234,100.0,10.0,-1.0,1,$1.75 ,0.0,0.0,63.56,197.37,32.2,542.21,137,1527
,V7000_DEVICE,85226,IBM V7000 Device,STGCLD03,142235,100.0,10.0,-1.0,1,$1.75 ,0.0,0.0,154.52,202.06,76.47,434.77,137,1527
,V7000_DEVICE,86003,IBM V7000 Device,STGCLD02,143479,100.0,10.0,-1.0,1,$1.75 ,7763.14,0.25,63.59,197.38,32.22,542.21,137,1530
,V7000_DEVICE,86022,IBM V7000 Device,STGCLD03,143574,100.0,10.0,-1.0,1,$1.75 ,13749.44,1.02,154.01,202.06,76.22,434.77,137,1530
,VMAX_DEVICE,86005,EMC VMax Device,VMAX-197801527,143541,100.0,10.0,-1.0,1,$3.00 ,3365.25,0.0,75.72,195.02,38.83,76.86,137,1530
,VMAX_DEVICE,86004,EMC VMax Device,VMAX-197801529,143540,100.0,10.0,-1.0,1,$3.00 ,46959.42,0.0,117.47,192.18,61.12,121.45,137,1530
,V7000_DEVICE,86406,IBM V7000 Device,STGCLD02,144176,100.0,10.0,-1.0,1,$1.75 ,7772.46,0.11,63.59,197.36,32.22,542.21,137,1532
,V7000_DEVICE,86411,IBM V7000 Device,STGCLD03,144178,100.0,10.0,-1.0,1,$1.75 ,10008.56,0.73,154.66,202.06,76.54,434.77,137,1532
,VMAX_DEVICE,86410,EMC VMax Device,VMAX-197801527,144199,100.0,10.0,-1.0,1,$3.00 ,3021.25,0.0,76.22,195.07,39.07,77.31,137,1532
,VMAX_DEVICE,86409,EMC VMax Device,VMAX-197801529,144197,100.0,10.0,-1.0,1,$3.00 ,48865.25,0.0,117.6,192.09,61.22,121.68,137,1532
,V7000_DEVICE,86791,IBM V7000 Device,STGCLD02,144970,100.0,10.0,-1.0,1,$1.75 ,8620.47,0.1,63.59,197.38,32.22,542.21,137,1534
,V7000_DEVICE,86795,IBM V7000 Device,STGCLD03,144971,100.0,10.0,-1.0,1,$1.75 ,15305.46,1.15,154.44,202.06,76.43,434.77,137,1534
,VMAX_DEVICE,86794,EMC VMax Device,VMAX-197801527,144992,100.0,10.0,-1.0,1,$3.00 ,2625.17,0.0,77.3,195.18,39.61,78.29,137,1534
,VMAX_DEVICE,86793,EMC VMax Device,VMAX-197801529,144991,100.0,10.0,-1.0,1,$3.00 ,40680.75,0.0,123.44,192.39,64.16,127.21,137,1534
,V7000_DEVICE,87385,IBM V7000 Device,STGCLD02,146017,100.0,10.0,-1.0,1,$1.75 ,4587.31,0.3,63.64,197.42,32.24,542.21,137,1537
,V7000_DEVICE,87573,IBM V7000 Device,STGCLD03,146334,100.0,10.0,-1.0,1,$1.75 ,8183.3,1.35,155.02,202.05,76.72,434.77,137,1537
,VMAX_DEVICE,87389,EMC VMax Device,VMAX-197801527,146034,100.0,10.0,-1.0,1,$3.00 ,2591.42,0.0,77.05,195.04,39.51,78.17,137,1537
,VMAX_DEVICE,87388,EMC VMax Device,VMAX-197801529,146033,100.0,10.0,-1.0,1,$3.00 ,46144.92,0.0,118.89,192.1,61.89,122.95,137,1537
,V7000_DEVICE,87740,IBM V7000 Device,STGCLD02,146608,100.0,10.0,-1.0,1,$1.75 ,7888.12,0.11,63.47,197.36,32.16,542.21,137,1539
,V7000_DEVICE,87743,IBM V7000 Device,STGCLD03,146610,100.0,10.0,-1.0,1,$1.75 ,9356.47,1.05,154.45,202.06,76.44,434.77,137,1539
,VMAX_DEVICE,87742,EMC VMax Device,VMAX-197801527,146636,100.0,10.0,-1.0,1,$3.00 ,2711.83,0.0,77.17,195.0,39.57,78.33,137,1539
,VMAX_DEVICE,87741,EMC VMax Device,VMAX-197801529,146634,100.0,10.0,-1.0,1,$3.00 ,45320.58,0.0,119.61,192.08,62.27,123.69,137,1539
,V7000_DEVICE,88232,IBM V7000 Device,STGCLD03,147504,100.0,10.0,-1.0,1,$1.75 ,13015.91,0.98,154.5,202.06,76.46,434.77,137,1541
,V7000_DEVICE,88231,IBM V7000 Device,STGCLD02,147505,100.0,10.0,-1.0,1,$1.75 ,9573.99,0.12,63.45,197.37,32.15,542.21,137,1541
,VMAX_DEVICE,88113,EMC VMax Device,VMAX-197801529,147291,100.0,10.0,-1.0,1,$3.00 ,40217.33,0.0,120.21,192.28,62.52,124.09,137,1541
,VMAX_DEVICE,88114,EMC VMax Device,VMAX-197801527,147292,100.0,10.0,-1.0,1,$3.00 ,2563.25,0.0,78.21,195.28,40.05,79.09,137,1541
,V7000_DEVICE,88738,IBM V7000 Device,STGCLD03,148368,100.0,10.0,-1.0,1,$1.75 ,9768.08,0.79,154.01,202.07,76.22,434.77,137,1544
,V7000_DEVICE,88731,IBM V7000 Device,STGCLD02,148373,100.0,10.0,-1.0,1,$1.75 ,7320.91,0.21,63.34,197.3,32.11,542.21,137,1544
,VMAX_DEVICE,88710,EMC VMax Device,VMAX-197801529,148359,100.0,10.0,-1.0,1,$3.00 ,46903.08,0.0,118.59,192.07,61.74,122.68,137,1544
,VMAX_DEVICE,88709,EMC VMax Device,VMAX-197801527,148360,100.0,10.0,-1.0,1,$3.00 ,1458.0,0.0,75.41,195.01,38.67,76.55,137,1544
,V7000_DEVICE,89034,IBM V7000 Device,STGCLD02,148921,100.0,10.0,-1.0,1,$1.75 ,6653.67,0.11,63.33,197.37,32.09,542.21,137,1546
,V7000_DEVICE,89037,IBM V7000 Device,STGCLD03,148922,100.0,10.0,-1.0,1,$1.75 ,8157.89,1.04,154.46,202.06,76.44,434.77,137,1546
,VMAX_DEVICE,89036,EMC VMax Device,VMAX-197801527,148942,100.0,10.0,-1.0,1,$3.00 ,1351.33,0.0,76.24,195.04,39.09,77.37,137,1546
,VMAX_DEVICE,89035,EMC VMax Device,VMAX-197801529,148941,100.0,10.0,-1.0,1,$3.00 ,49037.08,0.0,120.09,192.04,62.53,124.21,137,1546
,V7000_DEVICE,89445,IBM V7000 Device,STGCLD02,149619,100.0,10.0,-1.0,1,$1.75 ,10645.66,0.11,63.3,197.37,32.07,542.21,137,1548
,V7000_DEVICE,89448,IBM V7000 Device,STGCLD03,149620,100.0,10.0,-1.0,1,$1.75 ,16431.15,0.85,154.48,202.06,76.45,434.77,137,1548
,VMAX_DEVICE,89446,EMC VMax Device,VMAX-197801529,149648,100.0,10.0,-1.0,1,$3.00 ,41299.17,0.0,121.48,192.42,63.13,125.22,137,1548
,VMAX_DEVICE,89447,EMC VMax Device,VMAX-197801527,149649,100.0,10.0,-1.0,1,$3.00 ,1425.75,0.0,77.71,195.29,39.79,78.58,137,1548
,V7000_DEVICE,90044,IBM V7000 Device,STGCLD02,150674,100.0,10.0,-1.0,1,$1.75 ,6735.63,0.22,63.32,197.37,32.08,542.21,137,1551
,V7000_DEVICE,90047,IBM V7000 Device,STGCLD03,150676,100.0,10.0,-1.0,1,$1.75 ,8136.85,1.16,153.98,202.06,76.21,434.77,137,1551
,VMAX_DEVICE,90046,EMC VMax Device,VMAX-197801527,150697,100.0,10.0,-1.0,1,$3.00 ,1314.67,0.0,76.02,195.06,38.97,77.12,137,1551
,VMAX_DEVICE,90045,EMC VMax Device,VMAX-197801529,150696,100.0,10.0,-1.0,1,$3.00 ,50670.67,0.0,120.95,192.11,62.96,125.0,137,1551
,V7000_DEVICE,90311,IBM V7000 Device,STGCLD02,151181,100.0,10.0,-1.0,1,$1.75 ,12941.77,0.12,63.31,197.38,32.07,542.21,137,1553
,V7000_DEVICE,90314,IBM V7000 Device,STGCLD03,151182,100.0,10.0,-1.0,1,$1.75 ,22533.39,1.13,154.61,202.05,76.52,434.77,137,1553
,VMAX_DEVICE,90313,EMC VMax Device,VMAX-197801527,151192,100.0,10.0,-1.0,1,$3.00 ,1730.75,0.0,76.04,195.07,38.98,77.13,137,1553
,VMAX_DEVICE,90312,EMC VMax Device,VMAX-197801529,151191,100.0,10.0,-1.0,1,$3.00 ,48384.5,0.0,120.09,192.02,62.54,124.23,137,1553
,V7000_DEVICE,90509,IBM V7000 Device,STGCLD03,151543,100.0,10.0,-1.0,1,$1.75 ,18500.95,0.83,154.13,202.02,76.3,434.77,137,1555
,V7000_DEVICE,90508,IBM V7000 Device,STGCLD02,151544,100.0,10.0,-1.0,1,$1.75 ,10889.89,0.12,63.15,197.37,31.99,542.21,137,1555
,VMAX_DEVICE,90477,EMC VMax Device,VMAX-197801527,151519,100.0,10.0,-1.0,1,$3.00 ,1546.08,0.0,77.54,195.32,39.7,78.38,137,1555
,VMAX_DEVICE,90475,EMC VMax Device,VMAX-197801529,151518,100.0,10.0,-1.0,1,$3.00 ,43188.0,0.0,122.12,192.38,63.48,125.91,137,1555
,V7000_DEVICE,90835,IBM V7000 Device,STGCLD02,152093,100.0,10.0,-1.0,1,$1.75 ,7151.11,0.21,62.91,197.37,31.87,542.21,137,1558
,V7000_DEVICE,90839,IBM V7000 Device,STGCLD03,152094,100.0,10.0,-1.0,1,$1.75 ,15740.21,0.77,154.04,202.06,76.23,434.77,137,1558
,VMAX_DEVICE,90837,EMC VMax Device,VMAX-197801529,152108,100.0,10.0,-1.0,1,$3.00 ,50934.0,0.0,121.88,192.42,63.34,125.62,137,1558
,VMAX_DEVICE,90838,EMC VMax Device,VMAX-197801527,152109,100.0,10.0,-1.0,1,$3.00 ,1428.0,0.0,77.19,195.23,39.54,78.13,137,1558
,V7000_DEVICE,90994,IBM V7000 Device,STGCLD02,152341,100.0,10.0,-1.0,1,$1.75 ,9842.41,0.12,62.74,197.38,31.79,542.21,137,1560
,V7000_DEVICE,90997,IBM V7000 Device,STGCLD03,152342,100.0,10.0,-1.0,1,$1.75 ,18387.78,0.96,154.78,202.06,76.6,434.77,137,1560
,VMAX_DEVICE,90995,EMC VMax Device,VMAX-197801529,152353,100.0,10.0,-1.0,1,$3.00 ,47124.75,0.0,121.32,192.12,63.15,125.37,137,1560
,VMAX_DEVICE,90996,EMC VMax Device,VMAX-197801527,152354,100.0,10.0,-1.0,1,$3.00 ,1498.75,0.0,76.98,195.13,39.45,78.01,137,1560
,V7000_DEVICE,91510,IBM V7000 Device,STGCLD02,153237,100.0,10.0,-1.0,1,$1.75 ,11265.94,0.11,62.73,197.36,31.78,542.21,137,1562
,V7000_DEVICE,91513,IBM V7000 Device,STGCLD03,153238,100.0,10.0,-1.0,1,$1.75 ,20235.43,0.87,154.55,202.07,76.48,434.77,137,1562
,VMAX_DEVICE,91511,EMC VMax Device,VMAX-197801529,153259,100.0,10.0,-1.0,1,$3.00 ,42671.5,0.0,124.28,192.55,64.54,127.89,137,1562
,VMAX_DEVICE,91512,EMC VMax Device,VMAX-197801527,153260,100.0,10.0,-1.0,1,$3.00 ,1415.75,0.0,78.28,195.25,40.09,79.18,137,1562
,V7000_DEVICE,92122,IBM V7000 Device,STGCLD02,154289,100.0,10.0,-1.0,1,$1.75 ,7596.66,0.26,62.75,197.36,31.8,542.21,137,1565
,V7000_DEVICE,92127,IBM V7000 Device,STGCLD03,154290,100.0,10.0,-1.0,1,$1.75 ,17439.85,0.92,153.78,202.06,76.11,434.77,137,1565
,VMAX_DEVICE,92125,EMC VMax Device,VMAX-197801527,154312,100.0,10.0,-1.0,1,$3.00 ,1377.17,0.0,77.48,195.12,39.71,78.52,137,1565
,VMAX_DEVICE,92129,EMC VMax Device,VMAX-197801529,154322,100.0,10.0,-1.0,1,$3.00 ,46539.92,0.0,122.5,192.39,63.67,126.28,137,1565
,V7000_DEVICE,92429,IBM V7000 Device,STGCLD02,154983,100.0,10.0,-1.0,1,$1.75 ,7982.51,0.15,62.75,197.38,31.79,542.21,137,1567
,V7000_DEVICE,92433,IBM V7000 Device,STGCLD03,154984,100.0,10.0,-1.0,1,$1.75 ,16138.61,0.67,154.56,202.05,76.5,434.77,137,1567
,VMAX_DEVICE,92430,EMC VMax Device,VMAX-197801529,155006,100.0,10.0,-1.0,1,$3.00 ,44717.17,0.0,121.61,192.04,63.33,125.73,137,1567
,VMAX_DEVICE,92431,EMC VMax Device,VMAX-197801527,155007,100.0,10.0,-1.0,1,$3.00 ,1414.5,0.0,77.62,195.1,39.78,78.67,137,1567
,V7000_DEVICE,92811,IBM V7000 Device,STGCLD02,155649,100.0,10.0,-1.0,1,$1.75 ,12395.31,0.13,62.77,197.37,31.8,542.21,137,1569
,V7000_DEVICE,92818,IBM V7000 Device,STGCLD03,155650,100.0,10.0,-1.0,1,$1.75 ,21635.08,0.98,154.7,202.06,76.56,434.77,137,1569
,VMAX_DEVICE,92996,EMC VMax Device,VMAX-197801527,156019,100.0,10.0,-1.0,1,$3.00 ,1356.75,0.0,78.81,195.27,40.36,79.7,137,1569
,VMAX_DEVICE,92997,EMC VMax Device,VMAX-197801529,156020,100.0,10.0,-1.0,1,$3.00 ,40819.92,0.0,123.19,192.46,64.01,126.89,137,1569
,V7000_DEVICE,93474,IBM V7000 Device,STGCLD03,156848,100.0,10.0,-1.0,1,$1.75 ,16380.75,0.93,154.0,202.06,76.21,434.77,137,1572
,V7000_DEVICE,93507,IBM V7000 Device,STGCLD02,156892,100.0,10.0,-1.0,1,$1.75 ,8010.08,0.19,62.81,197.37,31.82,542.21,137,1572
,VMAX_DEVICE,93472,EMC VMax Device,VMAX-197801529,156864,100.0,10.0,-1.0,1,$3.00 ,51086.92,0.0,121.87,192.28,63.38,125.75,137,1572
,VMAX_DEVICE,93471,EMC VMax Device,VMAX-197801527,156865,100.0,10.0,-1.0,1,$3.00 ,1415.67,0.0,78.23,195.17,40.09,79.22,137,1572
,V7000_DEVICE,93826,IBM V7000 Device,STGCLD02,157489,100.0,10.0,-1.0,1,$1.75 ,9193.54,0.12,62.82,197.37,31.83,542.21,137,1574
,V7000_DEVICE,93828,IBM V7000 Device,STGCLD03,157491,100.0,10.0,-1.0,1,$1.75 ,17269.34,1.13,154.51,202.06,76.47,434.77,137,1574
,VMAX_DEVICE,93827,EMC VMax Device,VMAX-197801527,157516,100.0,10.0,-1.0,1,$3.00 ,1503.0,0.0,77.95,195.1,39.95,79.0,137,1574
,V7000_DEVICE,94207,IBM V7000 Device,STGCLD03,158286,100.0,10.0,-1.0,1,$1.75 ,21014.47,0.96,154.58,202.06,76.5,434.77,137,1576
,V7000_DEVICE,94327,IBM V7000 Device,STGCLD02,158532,100.0,10.0,-1.0,1,$1.75 ,11650.14,0.12,62.86,197.37,31.85,542.21,137,1576
,VMAX_DEVICE,94205,EMC VMax Device,VMAX-197801529,158309,100.0,10.0,-1.0,1,$3.00 ,42593.25,0.0,124.14,192.48,64.5,127.82,137,1576
,VMAX_DEVICE,94206,EMC VMax Device,VMAX-197801527,158310,100.0,10.0,-1.0,1,$3.00 ,1434.5,0.0,79.19,195.29,40.55,80.06,137,1576
,V7000_DEVICE,94929,IBM V7000 Device,STGCLD02,159560,100.0,10.0,-1.0,1,$1.75 ,8294.14,0.23,62.95,197.37,31.89,542.21,137,1579
,V7000_DEVICE,94933,IBM V7000 Device,STGCLD03,159561,100.0,10.0,-1.0,1,$1.75 ,16724.02,0.87,155.2,202.06,76.81,434.77,137,1579
,VMAX_DEVICE,94935,EMC VMax Device,VMAX-197801529,159591,100.0,10.0,-1.0,1,$3.00 ,53934.58,0.0,124.74,192.48,64.81,128.42,137,1579
,VMAX_DEVICE,94932,EMC VMax Device,VMAX-197801527,159580,100.0,10.0,-1.0,1,$3.00 ,1636.25,0.0,77.17,195.0,39.57,78.32,137,1579
,V7000_DEVICE,95415,IBM V7000 Device,STGCLD02,160314,100.0,10.0,-1.0,1,$1.75 ,7750.15,0.12,62.89,197.37,31.86,542.21,137,1581
,V7000_DEVICE,95418,IBM V7000 Device,STGCLD03,160315,100.0,10.0,-1.0,1,$1.75 ,9013.55,1.33,154.55,202.06,76.49,434.77,137,1581
,VMAX_DEVICE,95416,EMC VMax Device,VMAX-197801529,160330,100.0,10.0,-1.0,1,$3.00 ,49082.42,0.0,123.23,192.03,64.17,127.36,137,1581
,VMAX_DEVICE,95417,EMC VMax Device,VMAX-197801527,160331,100.0,10.0,-1.0,1,$3.00 ,1478.25,0.0,77.56,194.99,39.78,78.72,137,1581
,V7000_DEVICE,95851,IBM V7000 Device,STGCLD02,161072,100.0,10.0,-1.0,1,$1.75 ,14359.14,0.12,62.88,197.38,31.86,542.21,137,1583
,V7000_DEVICE,95853,IBM V7000 Device,STGCLD03,161073,100.0,10.0,-1.0,1,$1.75 ,31315.49,0.88,154.97,202.06,76.69,434.77,137,1583
,VMAX_DEVICE,95852,EMC VMax Device,VMAX-197801527,161094,100.0,10.0,-1.0,1,$3.00 ,1695.5,0.0,79.31,195.16,40.64,80.31,137,1583
,V7000_DEVICE,96464,IBM V7000 Device,STGCLD02,162155,100.0,10.0,-1.0,1,$1.75 ,7780.15,0.27,63.54,197.38,32.19,542.21,137,1586
,V7000_DEVICE,96470,IBM V7000 Device,STGCLD03,162179,100.0,10.0,-1.0,1,$1.75 ,14584.33,1.15,154.17,202.06,76.3,434.77,137,1586
,VMAX_DEVICE,98215,EMC VMax Device,VMAX-197801529,165304,100.0,10.0,-1.0,1,$3.00 ,47279.05,0.0,125.49,192.25,65.27,129.4,137,1586
,VMAX_DEVICE,98210,EMC VMax Device,VMAX-197801527,165300,100.0,10.0,-1.0,1,$3.00 ,1251.38,0.0,79.09,195.12,40.53,80.13,137,1586
,V7000_DEVICE,96787,IBM V7000 Device,STGCLD02,162730,100.0,10.0,-1.0,1,$1.75 ,9253.53,0.12,63.54,197.38,32.19,542.21,137,1588
,V7000_DEVICE,96790,IBM V7000 Device,STGCLD03,162731,100.0,10.0,-1.0,1,$1.75 ,10110.06,1.12,154.67,202.06,76.55,434.77,137,1588
,VMAX_DEVICE,98213,EMC VMax Device,VMAX-197801529,165302,100.0,10.0,-1.0,1,$3.00 ,41581.3,0.0,124.74,191.94,64.99,128.95,137,1588
,VMAX_DEVICE,98214,EMC VMax Device,VMAX-197801527,165303,100.0,10.0,-1.0,1,$3.00 ,1362.26,0.0,78.79,195.05,40.4,79.9,137,1588
,V7000_DEVICE,97190,IBM V7000 Device,STGCLD02,163413,100.0,10.0,-1.0,1,$1.75 ,11495.96,0.12,63.58,197.36,32.22,542.21,137,1590
,V7000_DEVICE,97193,IBM V7000 Device,STGCLD03,163414,100.0,10.0,-1.0,1,$1.75 ,22481.03,1.52,154.63,202.06,76.52,434.77,137,1590
,VMAX_DEVICE,98211,EMC VMax Device,VMAX-197801529,165301,100.0,10.0,-1.0,1,$3.00 ,37200.76,0.0,126.4,192.33,65.72,130.23,137,1590
,VMAX_DEVICE,98209,EMC VMax Device,VMAX-197801527,165299,100.0,10.0,-1.0,1,$3.00 ,1484.93,0.0,80.05,195.2,41.01,81.01,137,1590
,V7000_DEVICE,97820,IBM V7000 Device,STGCLD02,164589,100.0,10.0,-1.0,1,$1.75 ,7191.24,0.21,63.57,197.37,32.21,542.21,137,1593
,V7000_DEVICE,97826,IBM V7000 Device,STGCLD03,164591,100.0,10.0,-1.0,1,$1.75 ,11345.22,1.16,154.17,202.06,76.3,434.77,137,1593
,VMAX_DEVICE,98264,EMC VMax Device,VMAX-197801527,165370,100.0,10.0,-1.0,1,$3.00 ,1292.39,0.0,78.43,194.84,40.25,79.74,137,1593
,VMAX_DEVICE,98265,EMC VMax Device,VMAX-197801529,165371,100.0,10.0,-1.0,1,$3.00 ,47896.95,0.0,126.83,192.3,65.96,130.69,137,1593
,V7000_DEVICE,98148,IBM V7000 Device,STGCLD02,165076,100.0,10.0,-1.0,1,$1.75 ,8292.97,0.1,63.57,197.37,32.21,542.21,137,1595
,V7000_DEVICE,98167,IBM V7000 Device,STGCLD03,165077,100.0,10.0,-1.0,1,$1.75 ,12850.71,1.01,154.92,202.06,76.67,434.77,137,1595
,VMAX_DEVICE,98178,EMC VMax Device,VMAX-197801529,165247,100.0,10.0,-1.0,1,$3.00 ,40892.29,0.0,126.0,192.0,65.63,130.16,137,1595
,VMAX_DEVICE,98175,EMC VMax Device,VMAX-197801527,165246,100.0,10.0,-1.0,1,$3.00 ,1429.31,0.0,79.42,195.03,40.72,80.54,137,1595
,V7000_DEVICE,98582,IBM V7000 Device,STGCLD03,165928,100.0,10.0,-1.0,1,$1.75 ,15842.66,1.21,154.63,202.06,76.52,434.77,137,1597
,V7000_DEVICE,98583,IBM V7000 Device,STGCLD02,165949,100.0,10.0,-1.0,1,$1.75 ,11181.09,0.12,63.58,197.36,32.22,542.21,137,1597
,VMAX_DEVICE,98581,EMC VMax Device,VMAX-197801527,165951,100.0,10.0,-1.0,1,$3.00 ,1599.72,0.0,78.46,194.6,40.32,80.02,137,1597
,VMAX_DEVICE,98580,EMC VMax Device,VMAX-197801529,165950,100.0,10.0,-1.0,1,$3.00 ,37909.1,0.0,129.47,192.32,67.32,133.31,137,1597
,V7000_DEVICE,99206,IBM V7000 Device,STGCLD02,167000,100.0,10.0,-1.0,1,$1.75 ,8629.35,0.2,60.18,197.37,30.49,527.87,137,1600
,V7000_DEVICE,99218,IBM V7000 Device,STGCLD03,167001,100.0,10.0,-1.0,1,$1.75 ,17670.81,1.08,151.85,202.06,75.15,425.56,137,1600
,VMAX_DEVICE,99215,EMC VMax Device,VMAX-197801529,167068,100.0,10.0,-1.0,1,$3.00 ,46112.99,0.0,128.51,192.22,66.86,132.45,137,1600
,VMAX_DEVICE,99216,EMC VMax Device,VMAX-197801527,167069,100.0,10.0,-1.0,1,$3.00 ,1281.23,0.0,78.88,194.65,40.53,80.4,137,1600
,V7000_DEVICE,99506,IBM V7000 Device,STGCLD03,167600,100.0,10.0,-1.0,1,$1.75 ,9061.7,1.02,151.45,202.06,74.95,425.56,137,1602
,VMAX_DEVICE,99504,EMC VMax Device,VMAX-197801529,167624,100.0,10.0,-1.0,1,$3.00 ,42190.1,0.0,127.51,191.82,66.47,131.84,137,1602
,VMAX_DEVICE,99505,EMC VMax Device,VMAX-197801527,167625,100.0,10.0,-1.0,1,$3.00 ,1349.18,0.0,78.89,194.7,40.52,80.35,137,1602
,V7000_DEVICE,99888,IBM V7000 Device,STGCLD02,168333,100.0,10.0,-1.0,1,$1.75 ,10502.47,0.12,60.26,197.37,30.53,527.87,137,1604
,V7000_DEVICE,99889,IBM V7000 Device,STGCLD03,168334,100.0,10.0,-1.0,1,$1.75 ,15023.07,1.21,151.58,202.06,75.02,425.56,137,1604
,VMAX_DEVICE,99886,EMC VMax Device,VMAX-197801529,168356,100.0,10.0,-1.0,1,$3.00 ,37684.72,0.0,129.81,192.27,67.52,133.71,137,1604
,VMAX_DEVICE,99887,EMC VMax Device,VMAX-197801527,168357,100.0,10.0,-1.0,1,$3.00 ,1254.84,0.0,78.22,194.93,40.13,79.45,137,1604
,V7000_DEVICE,100502,IBM V7000 Device,STGCLD02,169424,100.0,10.0,-1.0,1,$1.75 ,10488.03,0.19,60.25,197.37,30.53,527.87,137,1607
,V7000_DEVICE,100508,IBM V7000 Device,STGCLD03,169425,100.0,10.0,-1.0,1,$1.75 ,16154.69,0.91,151.13,202.06,74.79,425.56,137,1607
,VMAX_DEVICE,100506,EMC VMax Device,VMAX-197801527,169441,100.0,10.0,-1.0,1,$3.00 ,1187.58,0.0,78.41,195.26,40.16,79.3,137,1607
,VMAX_DEVICE,100507,EMC VMax Device,VMAX-197801529,169440,100.0,10.0,-1.0,1,$3.00 ,44353.24,0.0,125.5,192.33,65.25,129.33,137,1607
,V7000_DEVICE,100845,IBM V7000 Device,STGCLD02,170045,100.0,10.0,-1.0,1,$1.75 ,4305.13,0.09,60.36,197.37,30.58,527.87,137,1609
,V7000_DEVICE,100848,IBM V7000 Device,STGCLD03,170046,100.0,10.0,-1.0,1,$1.75 ,13741.03,1.06,150.94,202.06,74.7,425.56,137,1609
,VMAX_DEVICE,100846,EMC VMax Device,VMAX-197801529,170059,100.0,10.0,-1.0,1,$3.00 ,35558.02,0.0,124.68,192.1,64.9,128.74,137,1609
,VMAX_DEVICE,100847,EMC VMax Device,VMAX-197801527,170060,100.0,10.0,-1.0,1,$3.00 ,1084.65,0.0,76.6,195.16,39.25,77.59,137,1609
,V7000_DEVICE,101228,IBM V7000 Device,STGCLD02,170696,100.0,10.0,-1.0,1,$1.75 ,9681.41,0.12,60.38,197.37,30.59,527.87,137,1611
,V7000_DEVICE,101231,IBM V7000 Device,STGCLD03,170697,100.0,10.0,-1.0,1,$1.75 ,15400.44,0.87,151.62,202.06,75.04,425.56,137,1611
,VMAX_DEVICE,101230,EMC VMax Device,VMAX-197801527,170717,100.0,10.0,-1.0,1,$3.00 ,1370.49,0.0,77.64,195.3,39.75,78.5,137,1611
,VMAX_DEVICE,101229,EMC VMax Device,VMAX-197801529,170716,100.0,10.0,-1.0,1,$3.00 ,36494.99,0.0,126.51,192.39,65.76,130.28,137,1611
,V7000_DEVICE,101930,IBM V7000 Device,STGCLD02,171660,100.0,10.0,-1.0,1,$1.75 ,10358.14,0.2,60.41,197.37,30.61,527.87,137,1614
,V7000_DEVICE,101935,IBM V7000 Device,STGCLD03,171661,100.0,10.0,-1.0,1,$1.75 ,19898.47,1.09,151.33,202.06,74.89,425.56,137,1614
,VMAX_DEVICE,101934,EMC VMax Device,VMAX-197801529,171677,100.0,10.0,-1.0,1,$3.00 ,48967.63,0.0,126.47,192.31,65.76,130.31,137,1614
,VMAX_DEVICE,101936,EMC VMax Device,VMAX-197801527,171678,100.0,10.0,-1.0,1,$3.00 ,1271.09,0.0,78.04,195.3,39.96,78.9,137,1614
,V7000_DEVICE,102260,IBM V7000 Device,STGCLD02,172060,100.0,10.0,-1.0,1,$1.75 ,8874.56,0.11,60.45,197.37,30.63,527.87,137,1616
,V7000_DEVICE,102263,IBM V7000 Device,STGCLD03,172061,100.0,10.0,-1.0,1,$1.75 ,15066.34,1.19,151.7,202.06,75.08,425.56,137,1616
,VMAX_DEVICE,102261,EMC VMax Device,VMAX-197801529,172068,100.0,10.0,-1.0,1,$3.00 ,41363.73,0.0,126.25,192.09,65.73,130.33,137,1616
,VMAX_DEVICE,102262,EMC VMax Device,VMAX-197801527,172069,100.0,10.0,-1.0,1,$3.00 ,1472.03,0.0,78.34,195.3,40.12,79.21,137,1616
,V7000_DEVICE,102664,IBM V7000 Device,STGCLD02,172525,100.0,10.0,-1.0,1,$1.75 ,11951.17,0.13,61.0,197.37,30.91,527.87,137,1618
,V7000_DEVICE,102667,IBM V7000 Device,STGCLD03,172526,100.0,10.0,-1.0,1,$1.75 ,18267.87,0.87,152.12,202.06,75.29,425.56,137,1618
,VMAX_DEVICE,102668,EMC VMax Device,VMAX-197801527,172535,100.0,10.0,-1.0,1,$3.00 ,1350.31,0.0,79.32,195.45,40.58,80.03,137,1618
,VMAX_DEVICE,102666,EMC VMax Device,VMAX-197801529,172534,100.0,10.0,-1.0,1,$3.00 ,37341.71,0.0,129.33,192.35,67.24,133.14,137,1618
,V7000_DEVICE,103281,IBM V7000 Device,STGCLD02,173226,100.0,10.0,-1.0,1,$1.75 ,5430.33,0.23,60.99,197.37,30.9,527.87,137,1621
,V7000_DEVICE,103284,IBM V7000 Device,STGCLD03,173227,100.0,10.0,-1.0,1,$1.75 ,10644.33,1.57,151.71,202.06,75.08,425.56,137,1621
,VMAX_DEVICE,103283,EMC VMax Device,VMAX-197801527,173239,100.0,10.0,-1.0,1,$3.00 ,1263.23,0.0,77.7,195.27,39.79,78.59,137,1621
,VMAX_DEVICE,103282,EMC VMax Device,VMAX-197801529,173238,100.0,10.0,-1.0,1,$3.00 ,46488.41,0.0,129.93,192.36,67.54,133.73,137,1621
,V7000_DEVICE,103599,IBM V7000 Device,STGCLD02,173603,100.0,10.0,-1.0,1,$1.75 ,9307.34,0.11,60.99,197.37,30.9,527.87,137,1623
,V7000_DEVICE,103601,IBM V7000 Device,STGCLD03,173604,100.0,10.0,-1.0,1,$1.75 ,13000.35,1.0,152.52,202.06,75.48,425.56,137,1623
,VMAX_DEVICE,103600,EMC VMax Device,VMAX-197801529,173614,100.0,10.0,-1.0,1,$3.00 ,41488.22,0.0,128.94,192.13,67.11,132.96,137,1623
,V7000_DEVICE,103992,IBM V7000 Device,STGCLD02,174053,100.0,10.0,-1.0,1,$1.75 ,11912.62,0.11,61.04,197.37,30.93,527.87,137,1625
,V7000_DEVICE,103995,IBM V7000 Device,STGCLD03,174054,100.0,10.0,-1.0,1,$1.75 ,17904.32,1.1,152.18,202.06,75.32,425.56,137,1625
,VMAX_DEVICE,103994,EMC VMax Device,VMAX-197801527,174069,100.0,10.0,-1.0,1,$3.00 ,1380.36,0.0,79.34,195.35,40.61,80.14,137,1625
,VMAX_DEVICE,103993,EMC VMax Device,VMAX-197801529,174068,100.0,10.0,-1.0,1,$3.00 ,38926.25,0.0,138.06,192.51,71.71,141.71,137,1625
,V7000_DEVICE,104624,IBM V7000 Device,STGCLD02,174801,100.0,10.0,-1.0,1,$1.75 ,9800.15,0.2,60.73,197.37,30.77,534.01,137,1628
,V7000_DEVICE,104627,IBM V7000 Device,STGCLD03,174802,100.0,10.0,-1.0,1,$1.75 ,14920.26,0.94,154.4,202.06,76.41,434.77,137,1628
,VMAX_DEVICE,104625,EMC VMax Device,VMAX-197801529,174846,100.0,10.0,-1.0,1,$3.00 ,46016.23,0.0,129.64,192.38,67.38,133.41,137,1628
,VMAX_DEVICE,104626,EMC VMax Device,VMAX-197801527,174847,100.0,10.0,-1.0,1,$3.00 ,1175.73,0.0,78.83,195.32,40.36,79.67,137,1628
,V7000_DEVICE,104952,IBM V7000 Device,STGCLD02,175248,100.0,10.0,-1.0,1,$1.75 ,8935.83,0.11,61.1,197.37,30.96,534.01,137,1630
,V7000_DEVICE,104955,IBM V7000 Device,STGCLD03,175250,100.0,10.0,-1.0,1,$1.75 ,11207.92,1.01,154.85,202.06,76.64,434.77,137,1630
,VMAX_DEVICE,104953,EMC VMax Device,VMAX-197801529,175260,100.0,10.0,-1.0,1,$3.00 ,41115.5,0.0,130.61,192.2,67.96,134.57,137,1630
,VMAX_DEVICE,104954,EMC VMax Device,VMAX-197801527,175261,100.0,10.0,-1.0,1,$3.00 ,1363.89,0.0,78.74,195.28,40.32,79.62,137,1630
,V7000_DEVICE,105402,IBM V7000 Device,STGCLD02,175752,100.0,10.0,-1.0,1,$1.75 ,10594.79,0.13,61.04,197.37,30.93,534.01,137,1632
,V7000_DEVICE,105405,IBM V7000 Device,STGCLD03,175753,100.0,10.0,-1.0,1,$1.75 ,14813.78,1.13,154.88,202.06,76.65,434.77,137,1632
,VMAX_DEVICE,105403,EMC VMax Device,VMAX-197801529,175805,100.0,10.0,-1.0,1,$3.00 ,36219.47,0.0,131.57,192.41,68.38,135.32,137,1632
,VMAX_DEVICE,105404,EMC VMax Device,VMAX-197801527,175806,100.0,10.0,-1.0,1,$3.00 ,1315.97,0.0,79.74,195.43,40.8,80.46,137,1632
,V7000_DEVICE,106091,IBM V7000 Device,STGCLD02,176592,100.0,10.0,-1.0,1,$1.75 ,6816.73,0.23,61.06,197.37,30.93,534.01,137,1635
,V7000_DEVICE,106094,IBM V7000 Device,STGCLD03,176593,100.0,10.0,-1.0,1,$1.75 ,11682.25,1.34,155.44,202.06,76.93,434.77,137,1635
,VMAX_DEVICE,106092,EMC VMax Device,VMAX-197801529,176606,100.0,10.0,-1.0,1,$3.00 ,48426.1,0.0,130.43,192.22,67.86,134.38,137,1635
,VMAX_DEVICE,106093,EMC VMax Device,VMAX-197801527,176607,100.0,10.0,-1.0,1,$3.00 ,1230.1,0.0,79.47,195.32,40.68,80.3,137,1635
,V7000_DEVICE,106426,IBM V7000 Device,STGCLD02,177020,100.0,10.0,-1.0,1,$1.75 ,8195.73,0.11,61.0,197.37,30.91,534.01,137,1637
,V7000_DEVICE,106429,IBM V7000 Device,STGCLD03,177021,100.0,10.0,-1.0,1,$1.75 ,11837.83,0.9,154.77,202.06,76.6,434.77,137,1637
,VMAX_DEVICE,106428,EMC VMax Device,VMAX-197801527,177032,100.0,10.0,-1.0,1,$3.00 ,1380.51,0.0,79.19,195.25,40.56,80.1,137,1637
,VMAX_DEVICE,106427,EMC VMax Device,VMAX-197801529,177031,100.0,10.0,-1.0,1,$3.00 ,42201.07,0.0,130.21,192.06,67.8,134.31,137,1637
,V7000_DEVICE,106800,IBM V7000 Device,STGCLD02,177459,100.0,10.0,-1.0,1,$1.75 ,10593.16,0.12,61.08,197.37,30.95,534.01,137,1639
,V7000_DEVICE,106803,IBM V7000 Device,STGCLD03,177460,100.0,10.0,-1.0,1,$1.75 ,16032.87,1.11,154.88,202.06,76.65,434.77,137,1639
,VMAX_DEVICE,106801,EMC VMax Device,VMAX-197801529,177471,100.0,10.0,-1.0,1,$3.00 ,38746.6,0.0,131.93,192.35,68.59,135.74,137,1639
,VMAX_DEVICE,106802,EMC VMax Device,VMAX-197801527,177472,100.0,10.0,-1.0,1,$3.00 ,1578.73,0.0,80.23,195.4,41.06,80.98,137,1639
,V7000_DEVICE,107407,IBM V7000 Device,STGCLD02,178178,100.0,10.0,-1.0,1,$1.75 ,5966.64,0.16,61.02,197.37,30.91,534.01,137,1642
,V7000_DEVICE,107411,IBM V7000 Device,STGCLD03,178179,100.0,10.0,-1.0,1,$1.75 ,10595.27,0.93,154.37,202.06,76.4,434.77,137,1642
,VMAX_DEVICE,107410,EMC VMax Device,VMAX-197801527,178202,100.0,10.0,-1.0,1,$3.00 ,1208.26,0.0,79.76,195.32,40.84,80.6,137,1642
,VMAX_DEVICE,107409,EMC VMax Device,VMAX-197801529,178200,100.0,10.0,-1.0,1,$3.00 ,48354.08,0.0,130.02,192.21,67.64,133.97,137,1642
,V7000_DEVICE,107780,IBM V7000 Device,STGCLD02,178628,100.0,10.0,-1.0,1,$1.75 ,13694.94,0.13,61.0,197.37,30.91,534.01,137,1644
,V7000_DEVICE,107783,IBM V7000 Device,STGCLD03,178629,100.0,10.0,-1.0,1,$1.75 ,25621.77,0.89,154.89,202.06,76.66,434.77,137,1644
,VMAX_DEVICE,107781,EMC VMax Device,VMAX-197801529,178644,100.0,10.0,-1.0,1,$3.00 ,36140.57,0.0,130.18,191.97,67.81,134.37,137,1644
,VMAX_DEVICE,107782,EMC VMax Device,VMAX-197801527,178645,100.0,10.0,-1.0,1,$3.00 ,1385.47,0.0,79.61,195.24,40.78,80.53,137,1644
,V7000_DEVICE,108188,IBM V7000 Device,STGCLD02,179142,100.0,10.0,-1.0,1,$1.75 ,10211.58,0.11,61.39,197.37,31.1,534.01,137,1646
,V7000_DEVICE,108191,IBM V7000 Device,STGCLD03,179143,100.0,10.0,-1.0,1,$1.75 ,17365.11,1.56,155.2,202.06,76.81,434.77,137,1646
,VMAX_DEVICE,108189,EMC VMax Device,VMAX-197801529,179154,100.0,10.0,-1.0,1,$3.00 ,37704.16,0.0,131.71,192.19,68.53,135.68,137,1646
,VMAX_DEVICE,108190,EMC VMax Device,VMAX-197801527,179155,100.0,10.0,-1.0,1,$3.00 ,1512.45,0.0,78.44,195.26,40.17,79.33,137,1646
,V7000_DEVICE,108764,IBM V7000 Device,STGCLD02,179808,100.0,10.0,-1.0,1,$1.75 ,5474.18,0.18,61.02,197.37,30.91,534.01,137,1649
,V7000_DEVICE,108767,IBM V7000 Device,STGCLD03,179809,100.0,10.0,-1.0,1,$1.75 ,7003.49,1.02,153.9,202.06,76.16,434.77,137,1649
,VMAX_DEVICE,108766,EMC VMax Device,VMAX-197801527,179823,100.0,10.0,-1.0,1,$3.00 ,1275.49,0.0,78.97,195.25,40.45,79.88,137,1649
,VMAX_DEVICE,108765,EMC VMax Device,VMAX-197801529,179822,100.0,10.0,-1.0,1,$3.00 ,47307.6,0.0,130.39,192.14,67.86,134.41,137,1649
,V7000_DEVICE,109076,IBM V7000 Device,STGCLD02,180187,100.0,10.0,-1.0,1,$1.75 ,7337.82,0.13,61.0,197.37,30.9,534.01,137,1651
,V7000_DEVICE,109079,IBM V7000 Device,STGCLD03,180188,100.0,10.0,-1.0,1,$1.75 ,8678.18,0.93,154.45,202.06,76.44,434.77,137,1651
,VMAX_DEVICE,109077,EMC VMax Device,VMAX-197801529,180196,100.0,10.0,-1.0,1,$3.00 ,42527.58,0.0,130.87,191.93,68.19,135.1,137,1651
,VMAX_DEVICE,109078,EMC VMax Device,VMAX-197801527,180197,100.0,10.0,-1.0,1,$3.00 ,1521.25,0.0,79.18,195.21,40.56,80.13,137,1651
,V7000_DEVICE,109439,IBM V7000 Device,STGCLD02,180610,100.0,10.0,-1.0,1,$1.75 ,8179.71,0.11,61.03,197.37,30.92,534.01,137,1653
,V7000_DEVICE,109442,IBM V7000 Device,STGCLD03,180611,100.0,10.0,-1.0,1,$1.75 ,11969.89,0.9,154.37,202.06,76.4,434.77,137,1653
,VMAX_DEVICE,109440,EMC VMax Device,VMAX-197801529,180618,100.0,10.0,-1.0,1,$3.00 ,38280.99,0.0,134.03,192.25,69.72,137.94,137,1653
,VMAX_DEVICE,109441,EMC VMax Device,VMAX-197801527,180619,100.0,10.0,-1.0,1,$3.00 ,1649.13,0.0,80.55,195.29,41.24,81.42,137,1653
,V7000_DEVICE,110038,IBM V7000 Device,STGCLD02,181327,100.0,10.0,-1.0,1,$1.75 ,4680.09,0.22,61.06,197.37,30.93,534.01,137,1656
,V7000_DEVICE,110042,IBM V7000 Device,STGCLD03,181328,100.0,10.0,-1.0,1,$1.75 ,6200.48,1.51,153.56,202.06,76.0,434.77,137,1656
,VMAX_DEVICE,110040,EMC VMax Device,VMAX-197801529,181338,100.0,10.0,-1.0,1,$3.00 ,48710.94,0.0,130.63,192.04,68.02,134.75,137,1656
,VMAX_DEVICE,110041,EMC VMax Device,VMAX-197801527,181339,100.0,10.0,-1.0,1,$3.00 ,1156.13,0.0,79.8,195.22,40.88,80.74,137,1656
,V7000_DEVICE,110355,IBM V7000 Device,STGCLD02,181704,100.0,10.0,-1.0,1,$1.75 ,6960.59,0.11,61.07,197.37,30.94,534.01,137,1658
,V7000_DEVICE,110358,IBM V7000 Device,STGCLD03,181705,100.0,10.0,-1.0,1,$1.75 ,9034.04,1.12,154.51,202.06,76.47,434.77,137,1658
,VMAX_DEVICE,110356,EMC VMax Device,VMAX-197801529,181712,100.0,10.0,-1.0,1,$3.00 ,42575.69,0.0,131.99,191.93,68.77,136.22,137,1658
,VMAX_DEVICE,110357,EMC VMax Device,VMAX-197801527,181713,100.0,10.0,-1.0,1,$3.00 ,1521.08,0.0,79.78,195.18,40.87,80.76,137,1658
,V7000_DEVICE,110632,IBM V7000 Device,STGCLD02,182045,100.0,10.0,-1.0,1,$1.75 ,7607.18,0.1,61.01,197.37,30.91,534.01,137,1660
,V7000_DEVICE,110635,IBM V7000 Device,STGCLD03,182046,100.0,10.0,-1.0,1,$1.75 ,9279.08,1.55,154.08,202.06,76.25,434.77,137,1660
,VMAX_DEVICE,110633,EMC VMax Device,VMAX-197801529,182053,100.0,10.0,-1.0,1,$3.00 ,38772.01,0.0,133.38,192.06,69.44,137.47,137,1660
,VMAX_DEVICE,110634,EMC VMax Device,VMAX-197801527,182054,100.0,10.0,-1.0,1,$3.00 ,1570.02,0.0,80.93,195.36,41.43,81.73,137,1660
,V7000_DEVICE,111239,IBM V7000 Device,STGCLD02,182773,100.0,10.0,-1.0,1,$1.75 ,4823.33,0.19,61.02,197.37,30.92,534.01,137,1663
,V7000_DEVICE,111566,IBM V7000 Device,STGCLD03,183165,100.0,10.0,-1.0,1,$1.75 ,8599.97,1.2,154.39,202.06,76.41,434.77,137,1663
,VMAX_DEVICE,111241,EMC VMax Device,VMAX-197801527,182780,100.0,10.0,-1.0,1,$3.00 ,1258.22,0.0,80.68,195.25,41.32,81.59,137,1663
,VMAX_DEVICE,111240,EMC VMax Device,VMAX-197801529,182779,100.0,10.0,-1.0,1,$3.00 ,47327.44,0.0,132.08,191.95,68.81,136.29,137,1663
,V7000_DEVICE,111563,IBM V7000 Device,STGCLD02,183164,100.0,10.0,-1.0,1,$1.75 ,7262.84,0.1,61.12,197.37,30.96,534.01,137,1665
,VMAX_DEVICE,111564,EMC VMax Device,VMAX-197801529,183173,100.0,10.0,-1.0,1,$3.00 ,43120.48,0.0,132.56,192.0,69.04,136.72,137,1665
,VMAX_DEVICE,111565,EMC VMax Device,VMAX-197801527,183174,100.0,10.0,-1.0,1,$3.00 ,1569.86,0.0,80.4,195.2,41.19,81.36,137,1665
,V7000_DEVICE,111939,IBM V7000 Device,STGCLD02,183602,100.0,10.0,-1.0,1,$1.75 ,7985.82,0.12,61.05,197.37,30.93,534.01,137,1667
,V7000_DEVICE,111942,IBM V7000 Device,STGCLD03,183603,100.0,10.0,-1.0,1,$1.75 ,12306.45,1.2,153.96,202.06,76.19,434.77,137,1667
,VMAX_DEVICE,111940,EMC VMax Device,VMAX-197801529,183611,100.0,10.0,-1.0,1,$3.00 ,40051.62,0.0,133.73,192.16,69.59,137.73,137,1667
,VMAX_DEVICE,111941,EMC VMax Device,VMAX-197801527,183612,100.0,10.0,-1.0,1,$3.00 ,1704.69,0.0,79.37,195.22,40.66,80.31,137,1667
,V7000_DEVICE,112548,IBM V7000 Device,STGCLD02,184321,100.0,10.0,-1.0,1,$1.75 ,4429.9,0.18,61.09,197.37,30.95,534.01,137,1670
,V7000_DEVICE,112553,IBM V7000 Device,STGCLD03,184322,100.0,10.0,-1.0,1,$1.75 ,9573.57,1.08,153.92,202.06,76.17,434.77,137,1670
,VMAX_DEVICE,112552,EMC VMax Device,VMAX-197801527,184337,100.0,10.0,-1.0,1,$3.00 ,1244.48,0.0,81.01,195.4,41.46,81.77,137,1670
,VMAX_DEVICE,112551,EMC VMax Device,VMAX-197801529,184336,100.0,10.0,-1.0,1,$3.00 ,49452.49,0.0,132.37,192.14,68.89,136.39,137,1670
,V7000_DEVICE,112887,IBM V7000 Device,STGCLD02,184741,100.0,10.0,-1.0,1,$1.75 ,6483.54,0.11,61.08,197.37,30.95,534.01,137,1672
,V7000_DEVICE,112889,IBM V7000 Device,STGCLD03,184742,100.0,10.0,-1.0,1,$1.75 ,7642.82,1.16,154.13,202.06,76.28,434.77,137,1672
,VMAX_DEVICE,112888,EMC VMax Device,VMAX-197801529,184750,100.0,10.0,-1.0,1,$3.00 ,43215.38,0.0,132.74,191.95,69.16,136.95,137,1672
,VMAX_DEVICE,112890,EMC VMax Device,VMAX-197801527,184751,100.0,10.0,-1.0,1,$3.00 ,1613.76,0.0,80.96,195.41,41.43,81.7,137,1672
,V7000_DEVICE,113275,IBM V7000 Device,STGCLD02,185210,100.0,10.0,-1.0,1,$1.75 ,8451.11,0.12,61.1,197.37,30.96,534.01,137,1674
,V7000_DEVICE,113300,IBM V7000 Device,STGCLD03,185211,100.0,10.0,-1.0,1,$1.75 ,11915.64,0.99,154.1,202.06,76.26,434.77,137,1674
,VMAX_DEVICE,113298,EMC VMax Device,VMAX-197801529,185244,100.0,10.0,-1.0,1,$3.00 ,38193.29,0.0,133.52,192.14,69.49,137.55,137,1674
,VMAX_DEVICE,113299,EMC VMax Device,VMAX-197801527,185246,100.0,10.0,-1.0,1,$3.00 ,1737.05,0.0,81.27,195.44,41.58,81.98,137,1674
,V7000_DEVICE,113955,IBM V7000 Device,STGCLD02,186062,100.0,10.0,-1.0,1,$1.75 ,4481.88,0.2,61.07,197.37,30.94,534.01,137,1677
,V7000_DEVICE,113959,IBM V7000 Device,STGCLD03,186063,100.0,10.0,-1.0,1,$1.75 ,10301.83,1.0,154.02,202.06,76.23,434.77,137,1677
,VMAX_DEVICE,113957,EMC VMax Device,VMAX-197801529,186074,100.0,10.0,-1.0,1,$3.00 ,49850.12,0.0,132.25,192.17,68.82,136.24,137,1677
,VMAX_DEVICE,113958,EMC VMax Device,VMAX-197801527,186075,100.0,10.0,-1.0,1,$3.00 ,1324.68,0.0,80.87,195.38,41.39,81.65,137,1677
,V7000_DEVICE,114276,IBM V7000 Device,STGCLD02,186446,100.0,10.0,-1.0,1,$1.75 ,6968.1,0.1,61.22,197.37,31.02,534.01,137,1679
,V7000_DEVICE,114279,IBM V7000 Device,STGCLD03,186447,100.0,10.0,-1.0,1,$1.75 ,9294.46,1.14,154.33,202.06,76.38,434.77,137,1679
,VMAX_DEVICE,114277,EMC VMax Device,VMAX-197801529,186455,100.0,10.0,-1.0,1,$3.00 ,43088.75,0.0,133.15,192.0,69.35,137.31,137,1679
,VMAX_DEVICE,114278,EMC VMax Device,VMAX-197801527,186456,100.0,10.0,-1.0,1,$3.00 ,1555.22,0.0,81.05,195.41,41.48,81.8,137,1679
,V7000_DEVICE,114652,IBM V7000 Device,STGCLD02,186886,100.0,10.0,-1.0,1,$1.75 ,7779.31,0.13,61.12,197.37,30.97,534.01,137,1681
,V7000_DEVICE,114655,IBM V7000 Device,STGCLD03,186887,100.0,10.0,-1.0,1,$1.75 ,16612.47,1.93,153.98,202.06,76.21,434.77,137,1681
,VMAX_DEVICE,114654,EMC VMax Device,VMAX-197801527,186896,100.0,10.0,-1.0,1,$3.00 ,1619.74,0.0,81.3,195.42,41.61,82.05,137,1681
,VMAX_DEVICE,114653,EMC VMax Device,VMAX-197801529,186895,100.0,10.0,-1.0,1,$3.00 ,39110.4,0.0,135.21,191.92,70.45,139.44,137,1681
,V7000_DEVICE,115290,IBM V7000 Device,STGCLD02,187649,100.0,10.0,-1.0,1,$1.75 ,5097.8,0.2,61.17,197.37,30.99,534.01,137,1684
,V7000_DEVICE,115293,IBM V7000 Device,STGCLD03,187650,100.0,10.0,-1.0,1,$1.75 ,10814.72,1.0,153.86,202.06,76.14,434.77,137,1684
,VMAX_DEVICE,115291,EMC VMax Device,VMAX-197801529,187663,100.0,10.0,-1.0,1,$3.00 ,45210.17,0.0,132.46,191.97,69.0,136.65,137,1684
,VMAX_DEVICE,115292,EMC VMax Device,VMAX-197801527,187664,100.0,10.0,-1.0,1,$3.00 ,1220.93,0.0,81.33,195.36,41.63,82.13,137,1684
,V7000_DEVICE,115629,IBM V7000 Device,STGCLD02,188066,100.0,10.0,-1.0,1,$1.75 ,6341.41,0.09,61.16,197.37,30.99,534.01,137,1686
,V7000_DEVICE,115632,IBM V7000 Device,STGCLD03,188067,100.0,10.0,-1.0,1,$1.75 ,8728.75,1.02,154.11,202.06,76.27,434.77,137,1686
,VMAX_DEVICE,115630,EMC VMax Device,VMAX-197801529,188075,100.0,10.0,-1.0,1,$3.00 ,36638.02,0.0,143.04,193.62,73.88,145.58,137,1686
,VMAX_DEVICE,115631,EMC VMax Device,VMAX-197801527,188076,100.0,10.0,-1.0,1,$3.00 ,1541.82,0.0,81.69,195.38,41.81,82.47,137,1686
,V7000_DEVICE,116025,IBM V7000 Device,STGCLD02,188529,100.0,10.0,-1.0,1,$1.75 ,7033.71,0.12,61.24,197.37,31.03,534.01,137,1688
,V7000_DEVICE,116028,IBM V7000 Device,STGCLD03,188530,100.0,10.0,-1.0,1,$1.75 ,10693.47,1.85,153.82,202.06,76.13,434.77,137,1688
,VMAX_DEVICE,116027,EMC VMax Device,VMAX-197801527,188539,100.0,10.0,-1.0,1,$3.00 ,1449.38,0.0,81.8,195.35,41.87,82.6,137,1688
,VMAX_DEVICE,116026,EMC VMax Device,VMAX-197801529,188538,100.0,10.0,-1.0,1,$3.00 ,32938.36,0.0,145.57,193.13,75.37,148.6,137,1688
,V7000_DEVICE,116670,IBM V7000 Device,STGCLD02,189288,100.0,10.0,-1.0,1,$1.75 ,3907.35,0.19,61.15,197.37,30.98,534.01,137,1691
,V7000_DEVICE,116675,IBM V7000 Device,STGCLD03,189289,100.0,10.0,-1.0,1,$1.75 ,8177.2,1.29,154.59,202.06,76.51,434.77,137,1691
,VMAX_DEVICE,116673,EMC VMax Device,VMAX-197801529,189303,100.0,10.0,-1.0,1,$3.00 ,47380.05,0.0,146.45,193.37,75.74,149.24,137,1691
,VMAX_DEVICE,116674,EMC VMax Device,VMAX-197801527,189305,100.0,10.0,-1.0,1,$3.00 ,1330.21,0.0,80.54,194.96,41.31,81.74,137,1691
,V7000_DEVICE,117026,IBM V7000 Device,STGCLD02,189726,100.0,10.0,-1.0,1,$1.75 ,6503.18,0.11,61.12,197.37,30.97,534.01,137,1693
,V7000_DEVICE,117029,IBM V7000 Device,STGCLD03,189727,100.0,10.0,-1.0,1,$1.75 ,7365.15,1.35,153.66,202.06,76.05,434.77,137,1693
,VMAX_DEVICE,117028,EMC VMax Device,VMAX-197801527,189735,100.0,10.0,-1.0,1,$3.00 ,1811.99,0.0,80.69,194.91,41.4,81.94,137,1693
,VMAX_DEVICE,117027,EMC VMax Device,VMAX-197801529,189734,100.0,10.0,-1.0,1,$3.00 ,39522.19,0.0,146.34,193.5,75.63,149.0,137,1693
,V7000_DEVICE,117415,IBM V7000 Device,STGCLD02,190184,100.0,10.0,-1.0,1,$1.75 ,8112.79,0.11,61.51,197.37,31.16,534.01,137,1695
,V7000_DEVICE,117416,IBM V7000 Device,STGCLD03,190185,100.0,10.0,-1.0,1,$1.75 ,11715.59,1.18,153.76,202.06,76.1,434.77,137,1695
,VMAX_DEVICE,117417,EMC VMax Device,VMAX-197801529,190193,100.0,10.0,-1.0,1,$3.00 ,36532.69,0.0,144.52,193.79,74.57,146.89,137,1695
,VMAX_DEVICE,117418,EMC VMax Device,VMAX-197801527,190194,100.0,10.0,-1.0,1,$3.00 ,1425.75,0.0,80.53,194.9,41.32,81.78,137,1695
,V7000_DEVICE,117849,IBM V7000 Device,STGCLD02,190737,100.0,10.0,-1.0,1,$1.75 ,3937.08,0.14,61.17,197.37,30.99,534.01,137,1698
,V7000_DEVICE,117853,IBM V7000 Device,STGCLD03,190738,100.0,10.0,-1.0,1,$1.75 ,9802.2,1.18,153.69,202.06,76.06,434.77,137,1698
,VMAX_DEVICE,117850,EMC VMax Device,VMAX-197801529,190755,100.0,10.0,-1.0,1,$3.00 ,48627.89,0.0,146.54,193.56,75.71,149.13,137,1698
,VMAX_DEVICE,117851,EMC VMax Device,VMAX-197801527,190756,100.0,10.0,-1.0,1,$3.00 ,1400.23,0.0,81.5,195.06,41.78,82.59,137,1698
,V7000_DEVICE,118084,IBM V7000 Device,STGCLD02,191043,100.0,10.0,-1.0,1,$1.75 ,7188.6,0.13,61.17,197.37,30.99,534.01,137,1700
,V7000_DEVICE,118087,IBM V7000 Device,STGCLD03,191044,100.0,10.0,-1.0,1,$1.75 ,8391.16,1.17,153.95,202.06,76.19,434.77,137,1700
,VMAX_DEVICE,118085,EMC VMax Device,VMAX-197801529,191052,100.0,10.0,-1.0,1,$3.00 ,40138.71,0.0,146.63,193.59,75.74,149.2,137,1700
,VMAX_DEVICE,118086,EMC VMax Device,VMAX-197801527,191053,100.0,10.0,-1.0,1,$3.00 ,1572.2,0.0,82.23,195.1,42.15,83.29,137,1700
,V7000_DEVICE,118465,IBM V7000 Device,STGCLD02,191495,100.0,10.0,-1.0,1,$1.75 ,8374.93,0.11,61.23,197.37,31.02,534.01,137,1702
,V7000_DEVICE,118468,IBM V7000 Device,STGCLD03,191496,100.0,10.0,-1.0,1,$1.75 ,10536.96,1.14,153.79,202.06,76.11,434.77,137,1702
,VMAX_DEVICE,118466,EMC VMax Device,VMAX-197801529,191505,100.0,10.0,-1.0,1,$3.00 ,36914.55,0.0,146.68,193.71,75.72,149.13,137,1702
,VMAX_DEVICE,118467,EMC VMax Device,VMAX-197801527,191506,100.0,10.0,-1.0,1,$3.00 ,1499.56,0.0,81.13,195.09,41.58,82.2,137,1702
,V7000_DEVICE,119072,IBM V7000 Device,STGCLD02,192200,100.0,10.0,-1.0,1,$1.75 ,4018.47,0.14,61.21,197.37,31.01,534.01,137,1705
,V7000_DEVICE,119097,IBM V7000 Device,STGCLD03,192201,100.0,10.0,-1.0,1,$1.75 ,8238.74,1.34,153.69,202.06,76.06,434.77,137,1705
,VMAX_DEVICE,119095,EMC VMax Device,VMAX-197801529,192238,100.0,10.0,-1.0,1,$3.00 ,49173.42,0.0,147.42,193.52,76.18,150.05,137,1705
,VMAX_DEVICE,119096,EMC VMax Device,VMAX-197801527,192239,100.0,10.0,-1.0,1,$3.00 ,1353.26,0.0,82.25,195.25,42.13,83.16,137,1705
,V7000_DEVICE,119430,IBM V7000 Device,STGCLD02,192628,100.0,10.0,-1.0,1,$1.75 ,1400.88,0.11,61.2,197.37,31.01,534.01,137,1707
,V7000_DEVICE,119433,IBM V7000 Device,STGCLD03,192629,100.0,10.0,-1.0,1,$1.75 ,2507.7,1.51,153.23,202.06,75.83,434.77,137,1707
,VMAX_DEVICE,119432,EMC VMax Device,VMAX-197801527,192638,100.0,10.0,-1.0,1,$3.00 ,1339.71,0.0,81.74,195.22,41.87,82.68,137,1707
,VMAX_DEVICE,119431,EMC VMax Device,VMAX-197801529,192637,100.0,10.0,-1.0,1,$3.00 ,31529.51,0.0,145.88,193.51,75.39,148.53,137,1707
,V7000_DEVICE,119805,IBM V7000 Device,STGCLD02,193063,100.0,10.0,-1.0,1,$1.75 ,8666.39,0.13,61.2,197.37,31.01,534.01,137,1709
,V7000_DEVICE,119808,IBM V7000 Device,STGCLD03,193064,100.0,10.0,-1.0,1,$1.75 ,10102.02,1.46,153.86,202.06,76.15,434.77,137,1709
,VMAX_DEVICE,119807,EMC VMax Device,VMAX-197801527,193073,100.0,10.0,-1.0,1,$3.00 ,1490.43,0.0,81.94,195.24,41.97,82.86,137,1709
,VMAX_DEVICE,119806,EMC VMax Device,VMAX-197801529,193072,100.0,10.0,-1.0,1,$3.00 ,27596.51,0.0,147.53,193.66,76.18,150.03,137,1709
,V7000_DEVICE,120419,IBM V7000 Device,STGCLD02,193775,100.0,10.0,-1.0,1,$1.75 ,3202.99,0.15,61.22,197.37,31.02,534.01,137,1712
,V7000_DEVICE,120423,IBM V7000 Device,STGCLD03,193776,100.0,10.0,-1.0,1,$1.75 ,6728.57,1.65,153.7,202.06,76.07,434.77,137,1712
,VMAX_DEVICE,120421,EMC VMax Device,VMAX-197801529,193789,100.0,10.0,-1.0,1,$3.00 ,40618.4,0.0,147.69,193.48,76.33,150.36,137,1712
,VMAX_DEVICE,120422,EMC VMax Device,VMAX-197801527,193790,100.0,10.0,-1.0,1,$3.00 ,1297.03,0.0,82.05,195.23,42.03,82.98,137,1712
,V7000_DEVICE,120776,IBM V7000 Device,STGCLD02,194147,100.0,10.0,-1.0,1,$1.75 ,7042.95,0.1,61.23,197.37,31.02,534.01,137,1714
,V7000_DEVICE,120780,IBM V7000 Device,STGCLD03,194148,100.0,10.0,-1.0,1,$1.75 ,7385.91,1.16,153.93,202.06,76.18,434.77,137,1714
,VMAX_DEVICE,120779,EMC VMax Device,VMAX-197801527,194204,100.0,10.0,-1.0,1,$3.00 ,1516.18,0.0,82.19,195.25,42.09,83.09,137,1714
,VMAX_DEVICE,120778,EMC VMax Device,VMAX-197801529,194203,100.0,10.0,-1.0,1,$3.00 ,34127.67,0.0,147.38,193.57,76.14,149.97,137,1714
,V7000_DEVICE,121174,IBM V7000 Device,STGCLD02,194666,100.0,10.0,-1.0,1,$1.75 ,7639.94,0.12,61.37,197.37,31.1,534.01,137,1716
,V7000_DEVICE,121177,IBM V7000 Device,STGCLD03,194667,100.0,10.0,-1.0,1,$1.75 ,8454.48,1.34,153.81,202.06,76.12,434.77,137,1716
,VMAX_DEVICE,121175,EMC VMax Device,VMAX-197801529,194674,100.0,10.0,-1.0,1,$3.00 ,28990.81,0.0,149.16,193.55,77.07,151.77,137,1716
,VMAX_DEVICE,121176,EMC VMax Device,VMAX-197801527,194675,100.0,10.0,-1.0,1,$3.00 ,1487.11,0.0,82.18,195.29,42.08,83.05,137,1716
,V7000_DEVICE,121778,IBM V7000 Device,STGCLD02,195377,100.0,10.0,-1.0,1,$1.75 ,3831.06,0.13,61.25,197.37,31.04,534.01,137,1719
,V7000_DEVICE,121784,IBM V7000 Device,STGCLD03,195378,100.0,10.0,-1.0,1,$1.75 ,9051.85,1.51,153.68,202.06,76.06,434.77,137,1719
,VMAX_DEVICE,121782,EMC VMax Device,VMAX-197801529,195398,100.0,10.0,-1.0,1,$3.00 ,51450.87,0.0,148.11,193.53,76.53,150.74,137,1719
,VMAX_DEVICE,121783,EMC VMax Device,VMAX-197801527,195399,100.0,10.0,-1.0,1,$3.00 ,1304.7,0.0,82.06,195.25,42.03,82.97,137,1719
,V7000_DEVICE,122130,IBM V7000 Device,STGCLD02,195791,100.0,10.0,-1.0,1,$1.75 ,6285.84,0.12,61.27,197.37,31.04,534.01,137,1721
,V7000_DEVICE,122133,IBM V7000 Device,STGCLD03,195792,100.0,10.0,-1.0,1,$1.75 ,8457.2,2.01,153.76,202.06,76.1,434.77,137,1721
,VMAX_DEVICE,122132,EMC VMax Device,VMAX-197801527,195801,100.0,10.0,-1.0,1,$3.00 ,1437.72,0.0,82.21,195.27,42.1,83.1,137,1721
,VMAX_DEVICE,122131,EMC VMax Device,VMAX-197801529,195800,100.0,10.0,-1.0,1,$3.00 ,59896.12,0.0,147.8,193.54,76.37,150.42,137,1721
,V7000_DEVICE,122492,IBM V7000 Device,STGCLD02,196320,100.0,10.0,-1.0,1,$1.75 ,8392.09,0.12,61.27,197.37,31.05,534.01,137,1723
,V7000_DEVICE,122496,IBM V7000 Device,STGCLD03,196321,100.0,10.0,-1.0,1,$1.75 ,13301.98,1.7,153.99,202.06,76.21,434.77,137,1723
,VMAX_DEVICE,122493,EMC VMax Device,VMAX-197801529,196330,100.0,10.0,-1.0,1,$3.00 ,42517.78,0.0,148.06,193.66,76.46,150.57,137,1723
,VMAX_DEVICE,122494,EMC VMax Device,VMAX-197801527,196331,100.0,10.0,-1.0,1,$3.00 ,1438.78,0.0,82.38,195.45,42.15,83.08,137,1723
,V7000_DEVICE,123107,IBM V7000 Device,STGCLD02,197083,100.0,10.0,-1.0,1,$1.75 ,3419.89,0.15,61.32,197.37,31.07,534.01,137,1726
,V7000_DEVICE,123111,IBM V7000 Device,STGCLD03,197084,100.0,10.0,-1.0,1,$1.75 ,7956.14,1.3,154.51,202.06,76.47,434.77,137,1726
,VMAX_DEVICE,123109,EMC VMax Device,VMAX-197801529,197095,100.0,10.0,-1.0,1,$3.00 ,54883.53,0.0,149.11,193.42,77.09,151.85,137,1726
,VMAX_DEVICE,123110,EMC VMax Device,VMAX-197801527,197096,100.0,10.0,-1.0,1,$3.00 ,1308.43,0.0,82.59,195.45,42.26,83.29,137,1726
,V7000_DEVICE,123525,IBM V7000 Device,STGCLD02,197590,100.0,10.0,-1.0,1,$1.75 ,6076.87,0.12,61.31,197.37,31.06,534.01,137,1728
,V7000_DEVICE,123528,IBM V7000 Device,STGCLD03,197591,100.0,10.0,-1.0,1,$1.75 ,8144.21,1.06,153.75,202.06,76.09,434.77,137,1728
,VMAX_DEVICE,123526,EMC VMax Device,VMAX-197801529,197598,100.0,10.0,-1.0,1,$3.00 ,47952.99,0.0,148.75,193.43,76.9,151.48,137,1728
,VMAX_DEVICE,123527,EMC VMax Device,VMAX-197801527,197599,100.0,10.0,-1.0,1,$3.00 ,1507.3,0.0,82.83,195.44,42.38,83.55,137,1728
,V7000_DEVICE,123923,IBM V7000 Device,STGCLD02,198062,100.0,10.0,-1.0,1,$1.75 ,7244.27,0.14,61.29,197.37,31.06,534.01,137,1730
,V7000_DEVICE,123926,IBM V7000 Device,STGCLD03,198063,100.0,10.0,-1.0,1,$1.75 ,9632.38,1.59,153.69,202.06,76.06,434.77,137,1730
,VMAX_DEVICE,123924,EMC VMax Device,VMAX-197801529,198071,100.0,10.0,-1.0,1,$3.00 ,43953.72,0.0,149.49,193.62,77.21,152.03,137,1730
,VMAX_DEVICE,123925,EMC VMax Device,VMAX-197801527,198072,100.0,10.0,-1.0,1,$3.00 ,1523.15,0.0,82.92,195.47,42.42,83.61,137,1730
,V7000_DEVICE,124544,IBM V7000 Device,STGCLD02,198792,100.0,10.0,-1.0,1,$1.75 ,4448.79,0.13,61.28,197.37,31.05,534.01,137,1733
,V7000_DEVICE,124548,IBM V7000 Device,STGCLD03,198793,100.0,10.0,-1.0,1,$1.75 ,7961.65,0.86,153.46,202.06,75.95,434.77,137,1733
,VMAX_DEVICE,124547,EMC VMax Device,VMAX-197801527,198805,100.0,10.0,-1.0,1,$3.00 ,1175.73,0.0,82.03,195.45,41.97,82.74,137,1733
,V7000_DEVICE,124915,IBM V7000 Device,STGCLD02,199245,100.0,10.0,-1.0,1,$1.75 ,9290.11,0.11,61.25,197.37,31.04,534.01,137,1735
,V7000_DEVICE,124940,IBM V7000 Device,STGCLD03,199246,100.0,10.0,-1.0,1,$1.75 ,14261.82,0.76,154.0,202.06,76.21,434.77,137,1735
,VMAX_DEVICE,124938,EMC VMax Device,VMAX-197801529,199277,100.0,10.0,-1.0,1,$3.00 ,46406.64,0.0,151.15,193.21,78.23,154.1,137,1735
,VMAX_DEVICE,124939,EMC VMax Device,VMAX-197801527,199280,100.0,10.0,-1.0,1,$3.00 ,1451.66,0.0,82.64,195.46,42.28,83.34,137,1735
,V7000_DEVICE,125403,IBM V7000 Device,STGCLD02,199819,100.0,10.0,-1.0,1,$1.75 ,7595.08,0.11,61.26,197.37,31.04,534.01,137,1737
,V7000_DEVICE,125453,IBM V7000 Device,STGCLD03,199820,100.0,10.0,-1.0,1,$1.75 ,12070.05,1.63,153.51,202.06,75.97,434.77,137,1737
,VMAX_DEVICE,125436,EMC VMax Device,VMAX-197801527,199937,100.0,10.0,-1.0,1,$3.00 ,1616.04,0.0,80.2,195.49,41.03,80.87,137,1737
,VMAX_DEVICE,126117,EMC VMax Device,VMAX-197801529,200698,100.0,10.0,-1.0,1,$3.00 ,50780.34,0.0,147.17,193.44,76.08,149.89,137,1740
,VMAX_DEVICE,126119,EMC VMax Device,VMAX-197801527,200699,100.0,10.0,-1.0,1,$3.00 ,1254.19,0.0,80.31,195.45,41.09,81.01,137,1740
,V7000_DEVICE,126518,IBM V7000 Device,STGCLD02,201139,100.0,10.0,-1.0,1,$1.75 ,7027.29,0.13,61.35,197.37,31.08,534.01,137,1742
,V7000_DEVICE,126521,IBM V7000 Device,STGCLD03,201140,100.0,10.0,-1.0,1,$1.75 ,9566.02,1.37,153.54,202.06,75.99,434.77,137,1742
,VMAX_DEVICE,126519,EMC VMax Device,VMAX-197801529,201151,100.0,10.0,-1.0,1,$3.00 ,45076.59,0.0,146.76,193.33,75.91,149.59,137,1742
,VMAX_DEVICE,126520,EMC VMax Device,VMAX-197801527,201152,100.0,10.0,-1.0,1,$3.00 ,1466.98,0.0,80.52,195.45,41.2,81.23,137,1742
,V7000_DEVICE,126960,IBM V7000 Device,STGCLD02,201694,100.0,10.0,-1.0,1,$1.75 ,10322.49,0.23,61.46,197.37,31.14,534.01,137,1744
,V7000_DEVICE,126963,IBM V7000 Device,STGCLD03,201695,100.0,10.0,-1.0,1,$1.75 ,19095.42,0.64,153.56,202.06,76.0,434.77,137,1744
,VMAX_DEVICE,126961,EMC VMax Device,VMAX-197801529,201703,100.0,10.0,-1.0,1,$3.00 ,40689.43,0.0,150.26,193.06,77.83,153.36,137,1744
,VMAX_DEVICE,126962,EMC VMax Device,VMAX-197801527,201704,100.0,10.0,-1.0,1,$3.00 ,1451.01,0.0,80.86,195.44,41.37,81.58,137,1744
,V7000_DEVICE,127644,IBM V7000 Device,STGCLD02,202494,100.0,10.0,-1.0,1,$1.75 ,8105.65,0.13,61.39,197.37,31.1,534.01,137,1747
,V7000_DEVICE,127649,IBM V7000 Device,STGCLD03,202495,100.0,10.0,-1.0,1,$1.75 ,12907.49,0.68,153.42,202.06,75.93,434.77,137,1747
,VMAX_DEVICE,127646,EMC VMax Device,VMAX-197801529,202516,100.0,10.0,-1.0,1,$3.00 ,50858.85,0.0,150.44,193.33,77.81,153.27,137,1747
,VMAX_DEVICE,127647,EMC VMax Device,VMAX-197801527,202517,100.0,10.0,-1.0,1,$3.00 ,1169.0,0.0,79.41,195.12,40.7,80.45,137,1747
,V7000_DEVICE,127997,IBM V7000 Device,STGCLD02,202910,100.0,10.0,-1.0,1,$1.75 ,10784.85,0.12,61.71,197.37,31.27,534.01,137,1749
,V7000_DEVICE,128000,IBM V7000 Device,STGCLD03,202911,100.0,10.0,-1.0,1,$1.75 ,18484.26,0.54,153.97,202.06,76.2,434.77,137,1749
,VMAX_DEVICE,127999,EMC VMax Device,VMAX-197801527,202920,100.0,10.0,-1.0,1,$3.00 ,1479.46,0.0,79.54,195.11,40.76,80.58,137,1749
,VMAX_DEVICE,127998,EMC VMax Device,VMAX-197801529,202919,100.0,10.0,-1.0,1,$3.00 ,44774.23,0.0,148.28,193.17,76.76,151.27,137,1749
,V7000_DEVICE,128477,IBM V7000 Device,STGCLD02,203466,100.0,10.0,-1.0,1,$1.75 ,7700.46,0.1,61.51,197.37,31.16,534.01,137,1751
,V7000_DEVICE,128481,IBM V7000 Device,STGCLD03,203467,100.0,10.0,-1.0,1,$1.75 ,12317.78,0.93,153.43,202.06,75.94,434.77,137,1751
,VMAX_DEVICE,128478,EMC VMax Device,VMAX-197801529,203478,100.0,10.0,-1.0,1,$3.00 ,40335.49,0.0,150.09,193.45,77.59,152.8,137,1751
,VMAX_DEVICE,128479,EMC VMax Device,VMAX-197801527,203479,100.0,10.0,-1.0,1,$3.00 ,1417.16,0.0,79.01,195.09,40.5,80.08,137,1751
,V7000_DEVICE,129117,IBM V7000 Device,STGCLD02,204230,100.0,10.0,-1.0,1,$1.75 ,4573.2,0.14,62.16,197.37,31.49,534.01,137,1754
,V7000_DEVICE,129121,IBM V7000 Device,STGCLD03,204231,100.0,10.0,-1.0,1,$1.75 ,7555.1,0.92,154.28,202.06,76.36,434.77,137,1754
,VMAX_DEVICE,129119,EMC VMax Device,VMAX-197801529,204243,100.0,10.0,-1.0,1,$3.00 ,48676.15,0.0,149.96,193.23,77.61,152.9,137,1754
,VMAX_DEVICE,129120,EMC VMax Device,VMAX-197801527,204244,100.0,10.0,-1.0,1,$3.00 ,1191.95,0.0,79.9,195.15,40.94,80.91,137,1754
,V7000_DEVICE,129483,IBM V7000 Device,STGCLD02,204670,100.0,10.0,-1.0,1,$1.75 ,14378.07,0.12,61.48,197.37,31.15,534.01,137,1756
,V7000_DEVICE,129486,IBM V7000 Device,STGCLD03,204671,100.0,10.0,-1.0,1,$1.75 ,10956.55,0.93,153.34,202.06,75.89,434.77,137,1756
,VMAX_DEVICE,129484,EMC VMax Device,VMAX-197801529,204680,100.0,10.0,-1.0,1,$3.00 ,42977.84,0.0,148.81,193.33,76.98,151.65,137,1756
,VMAX_DEVICE,129485,EMC VMax Device,VMAX-197801527,204681,100.0,10.0,-1.0,1,$3.00 ,1372.89,0.0,79.67,195.12,40.83,80.7,137,1756
,V7000_DEVICE,129980,IBM V7000 Device,STGCLD02,205271,100.0,10.0,-1.0,1,$1.75 ,8448.75,0.12,61.5,197.37,31.16,534.01,137,1758
,V7000_DEVICE,129983,IBM V7000 Device,STGCLD03,205272,100.0,10.0,-1.0,1,$1.75 ,10069.71,1.29,153.5,202.06,75.97,434.77,137,1758
,VMAX_DEVICE,129982,EMC VMax Device,VMAX-197801527,205281,100.0,10.0,-1.0,1,$3.00 ,1282.46,0.0,79.28,195.1,40.64,80.34,137,1758
,VMAX_DEVICE,129981,EMC VMax Device,VMAX-197801529,205280,100.0,10.0,-1.0,1,$3.00 ,39093.67,0.0,150.12,193.46,77.6,152.83,137,1758
,V7000_DEVICE,130679,IBM V7000 Device,STGCLD02,206090,100.0,10.0,-1.0,1,$1.75 ,3144.19,0.18,61.49,197.37,31.16,534.01,137,1761
,V7000_DEVICE,130683,IBM V7000 Device,STGCLD03,206091,100.0,10.0,-1.0,1,$1.75 ,6067.17,0.92,153.23,202.06,75.83,434.77,137,1761
,VMAX_DEVICE,130680,EMC VMax Device,VMAX-197801529,206103,100.0,10.0,-1.0,1,$3.00 ,49101.29,0.0,151.07,193.27,78.17,153.96,137,1761
,VMAX_DEVICE,130681,EMC VMax Device,VMAX-197801527,206105,100.0,10.0,-1.0,1,$3.00 ,1257.35,0.0,79.5,195.1,40.75,80.55,137,1761
,V7000_DEVICE,131025,IBM V7000 Device,STGCLD02,206495,100.0,10.0,-1.0,1,$1.75 ,8027.02,0.11,61.52,197.37,31.17,534.01,137,1763
,V7000_DEVICE,131029,IBM V7000 Device,STGCLD03,206496,100.0,10.0,-1.0,1,$1.75 ,13092.69,0.89,153.8,202.06,76.12,434.77,137,1763
,VMAX_DEVICE,131027,EMC VMax Device,VMAX-197801527,206506,100.0,10.0,-1.0,1,$3.00 ,1582.27,0.0,80.37,195.16,41.18,81.37,137,1763
,VMAX_DEVICE,131026,EMC VMax Device,VMAX-197801529,206505,100.0,10.0,-1.0,1,$3.00 ,45114.01,0.0,150.22,193.2,77.76,153.18,137,1763
,V7000_DEVICE,131452,IBM V7000 Device,STGCLD03,206979,100.0,10.0,-1.0,1,$1.75 ,17190.64,1.19,154.04,202.06,76.24,434.77,137,1765
,V7000_DEVICE,131436,IBM V7000 Device,STGCLD02,206990,100.0,10.0,-1.0,1,$1.75 ,9770.34,0.13,61.56,197.37,31.19,534.01,137,1765
,VMAX_DEVICE,131432,EMC VMax Device,VMAX-197801529,206988,100.0,10.0,-1.0,1,$3.00 ,40742.6,0.0,152.18,193.34,78.71,154.99,137,1765
,VMAX_DEVICE,131433,EMC VMax Device,VMAX-197801527,206989,100.0,10.0,-1.0,1,$3.00 ,1461.07,0.0,80.33,195.11,41.17,81.38,137,1765
,V7000_DEVICE,132083,IBM V7000 Device,STGCLD02,207752,100.0,10.0,-1.0,1,$1.75 ,5487.91,0.28,61.59,197.37,31.21,534.01,137,1768
,V7000_DEVICE,132087,IBM V7000 Device,STGCLD03,207753,100.0,10.0,-1.0,1,$1.75 ,15036.02,1.22,153.66,202.06,76.05,434.77,137,1768
,VMAX_DEVICE,132085,EMC VMax Device,VMAX-197801529,207766,100.0,10.0,-1.0,1,$3.00 ,49982.87,0.0,152.64,193.12,79.04,155.67,137,1768
,VMAX_DEVICE,132086,EMC VMax Device,VMAX-197801527,207767,100.0,10.0,-1.0,1,$3.00 ,1438.94,0.0,79.88,195.11,40.94,80.93,137,1768
,V7000_DEVICE,132418,IBM V7000 Device,STGCLD02,208152,100.0,10.0,-1.0,1,$1.75 ,10656.99,0.11,61.65,197.37,31.23,534.01,137,1770
,V7000_DEVICE,132421,IBM V7000 Device,STGCLD03,208153,100.0,10.0,-1.0,1,$1.75 ,23776.0,0.75,153.86,202.06,76.15,434.77,137,1770
,VMAX_DEVICE,132420,EMC VMax Device,VMAX-197801527,208168,100.0,10.0,-1.0,1,$3.00 ,1738.45,0.0,80.38,195.13,41.19,81.4,137,1770
,VMAX_DEVICE,132419,EMC VMax Device,VMAX-197801529,208166,100.0,10.0,-1.0,1,$3.00 ,45769.71,0.0,151.39,193.06,78.42,154.49,137,1770
,V7000_DEVICE,132838,IBM V7000 Device,STGCLD02,208687,100.0,10.0,-1.0,1,$1.75 ,10057.44,0.11,61.64,197.37,31.23,534.01,137,1772
,V7000_DEVICE,132841,IBM V7000 Device,STGCLD03,208688,100.0,10.0,-1.0,1,$1.75 ,18483.27,1.37,153.96,202.06,76.2,434.77,137,1772
,VMAX_DEVICE,132840,EMC VMax Device,VMAX-197801527,208699,100.0,10.0,-1.0,1,$3.00 ,1731.7,0.0,81.19,195.12,41.61,82.23,137,1772
,VMAX_DEVICE,132839,EMC VMax Device,VMAX-197801529,208698,100.0,10.0,-1.0,1,$3.00 ,42202.72,0.0,152.61,193.18,79.0,155.58,137,1772
,V7000_DEVICE,133461,IBM V7000 Device,STGCLD02,209459,100.0,10.0,-1.0,1,$1.75 ,4197.99,0.3,61.68,197.37,31.25,534.01,137,1775
,V7000_DEVICE,133614,IBM V7000 Device,STGCLD03,209647,100.0,10.0,-1.0,1,$1.75 ,0.0,0.0,153.52,202.06,75.98,434.77,137,1775
,VMAX_DEVICE,133459,EMC VMax Device,VMAX-197801529,209461,100.0,10.0,-1.0,1,$3.00 ,50899.04,0.0,153.26,193.04,79.39,156.37,137,1775
,VMAX_DEVICE,133460,EMC VMax Device,VMAX-197801527,209462,100.0,10.0,-1.0,1,$3.00 ,1416.09,0.0,80.17,195.08,41.09,81.24,137,1775
,V7000_DEVICE,133783,IBM V7000 Device,STGCLD02,209838,100.0,10.0,-1.0,1,$1.75 ,9145.86,0.13,61.68,197.37,31.25,534.01,137,1777
,V7000_DEVICE,133785,IBM V7000 Device,STGCLD03,209839,100.0,10.0,-1.0,1,$1.75 ,11008.86,1.29,154.25,202.06,76.34,434.77,137,1777
,VMAX_DEVICE,133784,EMC VMax Device,VMAX-197801529,209847,100.0,10.0,-1.0,1,$3.00 ,47491.67,0.0,151.63,193.08,78.53,154.71,137,1777
,VMAX_DEVICE,133786,EMC VMax Device,VMAX-197801527,209848,100.0,10.0,-1.0,1,$3.00 ,1788.69,0.0,81.63,195.12,41.84,82.67,137,1777
,V7000_DEVICE,134194,IBM V7000 Device,STGCLD02,210337,100.0,10.0,-1.0,1,$1.75 ,10422.71,0.13,61.71,197.37,31.26,534.01,137,1779
,V7000_DEVICE,134197,IBM V7000 Device,STGCLD03,210338,100.0,10.0,-1.0,1,$1.75 ,16368.01,1.41,154.08,202.06,76.26,434.77,137,1779
,VMAX_DEVICE,134195,EMC VMax Device,VMAX-197801529,210345,100.0,10.0,-1.0,1,$3.00 ,43513.17,0.0,152.92,193.16,79.16,155.91,137,1779
,VMAX_DEVICE,134196,EMC VMax Device,VMAX-197801527,210346,100.0,10.0,-1.0,1,$3.00 ,1748.95,0.0,80.38,195.06,41.21,81.48,137,1779
,V7000_DEVICE,134809,IBM V7000 Device,STGCLD02,211096,100.0,10.0,-1.0,1,$1.75 ,4360.51,0.24,61.72,197.37,31.27,534.01,137,1782
,V7000_DEVICE,134812,IBM V7000 Device,STGCLD03,211097,100.0,10.0,-1.0,1,$1.75 ,7033.95,1.09,153.57,202.06,76.0,434.77,137,1782
,VMAX_DEVICE,134810,EMC VMax Device,VMAX-197801529,211112,100.0,10.0,-1.0,1,$3.00 ,53319.39,0.0,153.49,192.57,79.71,157.08,137,1782
,VMAX_DEVICE,134811,EMC VMax Device,VMAX-197801527,211113,100.0,10.0,-1.0,1,$3.00 ,1526.63,0.0,82.29,195.17,42.16,83.27,137,1782
,V7000_DEVICE,135135,IBM V7000 Device,STGCLD02,211484,100.0,10.0,-1.0,1,$1.75 ,7557.39,0.1,61.68,197.37,31.25,534.01,137,1784
,V7000_DEVICE,135138,IBM V7000 Device,STGCLD03,211485,100.0,10.0,-1.0,1,$1.75 ,11775.14,1.02,154.16,202.06,76.29,434.77,137,1784
,VMAX_DEVICE,135136,EMC VMax Device,VMAX-197801529,211494,100.0,10.0,-1.0,1,$3.00 ,50532.99,0.0,152.59,193.03,79.05,155.72,137,1784
,VMAX_DEVICE,135137,EMC VMax Device,VMAX-197801527,211495,100.0,10.0,-1.0,1,$3.00 ,1585.25,0.0,80.76,195.06,41.4,81.86,137,1784
,V7000_DEVICE,135519,IBM V7000 Device,STGCLD02,211938,100.0,10.0,-1.0,1,$1.75 ,7733.93,0.11,61.69,197.37,31.26,534.01,137,1786
,V7000_DEVICE,135521,IBM V7000 Device,STGCLD03,211939,100.0,10.0,-1.0,1,$1.75 ,12446.76,1.0,154.24,202.06,76.33,434.77,137,1786
,VMAX_DEVICE,135518,EMC VMax Device,VMAX-197801529,211946,100.0,10.0,-1.0,1,$3.00 ,43419.52,0.0,153.71,193.12,79.59,156.75,137,1786
,VMAX_DEVICE,135520,EMC VMax Device,VMAX-197801527,211947,100.0,10.0,-1.0,1,$3.00 ,1580.93,0.0,81.17,195.06,41.62,82.28,137,1786
,V7000_DEVICE,136121,IBM V7000 Device,STGCLD02,212676,100.0,10.0,-1.0,1,$1.75 ,4205.79,0.3,61.71,197.37,31.27,534.01,137,1789
,V7000_DEVICE,136125,IBM V7000 Device,STGCLD03,212677,100.0,10.0,-1.0,1,$1.75 ,6074.48,1.63,154.52,202.06,76.47,434.77,137,1789
,VMAX_DEVICE,136124,EMC VMax Device,VMAX-197801527,212689,100.0,10.0,-1.0,1,$3.00 ,1427.91,0.0,82.76,195.25,42.39,83.67,137,1789
,VMAX_DEVICE,136123,EMC VMax Device,VMAX-197801529,212688,100.0,10.0,-1.0,1,$3.00 ,57429.45,0.0,153.62,192.63,79.75,157.14,137,1789
,V7000_DEVICE,136450,IBM V7000 Device,STGCLD02,213055,100.0,10.0,-1.0,1,$1.75 ,7247.44,0.12,61.74,197.37,31.28,534.01,137,1791
,V7000_DEVICE,136453,IBM V7000 Device,STGCLD03,213056,100.0,10.0,-1.0,1,$1.75 ,12581.46,0.95,154.19,202.06,76.31,434.77,137,1791
,VMAX_DEVICE,136451,EMC VMax Device,VMAX-197801529,213064,100.0,10.0,-1.0,1,$3.00 ,46868.47,0.0,149.96,192.61,77.85,153.5,137,1791
,VMAX_DEVICE,136452,EMC VMax Device,VMAX-197801527,213065,100.0,10.0,-1.0,1,$3.00 ,1618.88,0.0,82.87,195.37,42.42,83.66,137,1791
,V7000_DEVICE,136924,IBM V7000 Device,STGCLD02,213662,100.0,10.0,-1.0,1,$1.75 ,8995.28,0.12,61.72,197.37,31.27,534.01,137,1793
,V7000_DEVICE,136925,IBM V7000 Device,STGCLD03,213663,100.0,10.0,-1.0,1,$1.75 ,11859.47,1.45,154.05,202.06,76.24,434.77,137,1793
,VMAX_DEVICE,136926,EMC VMax Device,VMAX-197801527,213673,100.0,10.0,-1.0,1,$3.00 ,1542.66,0.0,82.98,195.37,42.47,83.77,137,1793
,V7000_DEVICE,137486,IBM V7000 Device,STGCLD02,214343,100.0,10.0,-1.0,1,$1.75 ,3500.2,0.35,61.72,197.37,31.27,534.01,137,1796
,V7000_DEVICE,137500,IBM V7000 Device,STGCLD03,214344,100.0,10.0,-1.0,1,$1.75 ,4661.98,0.92,153.58,202.06,76.01,434.77,137,1796
,VMAX_DEVICE,137511,EMC VMax Device,VMAX-197801527,214381,100.0,10.0,-1.0,1,$3.00 ,1435.28,0.0,83.66,195.3,42.84,84.52,137,1796
,VMAX_DEVICE,137510,EMC VMax Device,VMAX-197801529,214380,100.0,10.0,-1.0,1,$3.00 ,53194.41,0.0,149.98,192.51,77.91,153.63,137,1796
,V7000_DEVICE,137907,IBM V7000 Device,STGCLD02,214831,100.0,10.0,-1.0,1,$1.75 ,16547.94,0.12,61.78,197.37,31.3,534.01,137,1798
,V7000_DEVICE,137910,IBM V7000 Device,STGCLD03,214832,100.0,10.0,-1.0,1,$1.75 ,12072.68,1.08,154.26,202.06,76.35,434.77,137,1798
,VMAX_DEVICE,137908,EMC VMax Device,VMAX-197801529,214833,100.0,10.0,-1.0,1,$3.00 ,44244.03,0.0,151.66,192.55,78.77,155.27,137,1798
,VMAX_DEVICE,137909,EMC VMax Device,VMAX-197801527,214834,100.0,10.0,-1.0,1,$3.00 ,1745.73,0.0,83.56,195.34,42.78,84.38,137,1798
,V7000_DEVICE,138211,IBM V7000 Device,STGCLD03,215236,100.0,10.0,-1.0,1,$1.75 ,8433.68,1.3,153.79,202.06,76.11,434.77,137,1800
,V7000_DEVICE,138223,IBM V7000 Device,STGCLD02,215404,100.0,10.0,-1.0,1,$1.75 ,7429.32,0.14,61.76,197.37,31.29,534.01,137,1800
,VMAX_DEVICE,138220,EMC VMax Device,VMAX-197801527,215403,100.0,10.0,-1.0,1,$3.00 ,1689.05,0.0,81.69,195.45,41.8,82.4,137,1800
,VMAX_DEVICE,138219,EMC VMax Device,VMAX-197801529,215402,100.0,10.0,-1.0,1,$3.00 ,32573.38,0.0,152.35,192.77,79.03,155.73,137,1800
,V7000_DEVICE,138881,IBM V7000 Device,STGCLD02,216244,100.0,10.0,-1.0,1,$1.75 ,4510.43,0.28,61.78,197.37,31.3,534.01,137,1803
,V7000_DEVICE,138883,IBM V7000 Device,STGCLD03,216245,100.0,10.0,-1.0,1,$1.75 ,7343.7,1.22,153.62,202.06,76.03,434.77,137,1803
,VMAX_DEVICE,138884,EMC VMax Device,VMAX-197801529,216251,100.0,10.0,-1.0,1,$3.00 ,40554.62,0.0,149.13,193.47,77.08,151.81,137,1803
,VMAX_DEVICE,138885,EMC VMax Device,VMAX-197801527,216252,100.0,10.0,-1.0,1,$3.00 ,1371.83,0.0,81.46,195.43,41.68,82.19,137,1803
,V7000_DEVICE,139394,IBM V7000 Device,STGCLD02,216800,100.0,10.0,-1.0,1,$1.75 ,7728.22,0.09,61.79,197.37,31.31,534.01,137,1805
,V7000_DEVICE,139395,IBM V7000 Device,STGCLD03,216801,100.0,10.0,-1.0,1,$1.75 ,10617.24,1.0,154.35,202.06,76.39,434.77,137,1805
,VMAX_DEVICE,139397,EMC VMax Device,VMAX-197801527,216803,100.0,10.0,-1.0,1,$3.00 ,1662.38,0.0,81.81,195.44,41.86,82.53,137,1805
,VMAX_DEVICE,139396,EMC VMax Device,VMAX-197801529,216802,100.0,10.0,-1.0,1,$3.00 ,33860.44,0.0,151.31,193.2,78.32,154.27,137,1805
,V7000_DEVICE,139807,IBM V7000 Device,STGCLD02,217259,100.0,10.0,-1.0,1,$1.75 ,7774.24,0.11,61.81,197.37,31.32,534.01,137,1807
,V7000_DEVICE,139808,IBM V7000 Device,STGCLD03,217260,100.0,10.0,-1.0,1,$1.75 ,15518.65,1.17,154.23,202.06,76.33,434.77,137,1807
,VMAX_DEVICE,139809,EMC VMax Device,VMAX-197801529,217261,100.0,10.0,-1.0,1,$3.00 ,31508.54,0.0,151.45,192.68,78.6,154.93,137,1807
,VMAX_DEVICE,139810,EMC VMax Device,VMAX-197801527,217262,100.0,10.0,-1.0,1,$3.00 ,1727.56,0.0,81.98,195.45,41.95,82.69,137,1807
,V7000_DEVICE,144298,IBM V7000 Device,STGCLD02,222412,100.0,10.0,-1.0,1,$1.75 ,2605.42,0.1,61.77,197.37,31.3,534.01,137,1810
,V7000_DEVICE,144300,IBM V7000 Device,STGCLD03,222414,100.0,10.0,-1.0,1,$1.75 ,4836.17,1.08,153.27,202.06,75.85,434.77,137,1810
,VMAX_DEVICE,140533,EMC VMax Device,VMAX-197801527,218105,100.0,10.0,-1.0,1,$3.00 ,1485.53,0.0,83.35,195.3,42.68,84.21,137,1810
,VMAX_DEVICE,140532,EMC VMax Device,VMAX-197801529,218104,100.0,10.0,-1.0,1,$3.00 ,41122.44,0.0,154.39,192.22,80.32,158.33,137,1810
,V7000_DEVICE,144299,IBM V7000 Device,STGCLD02,222413,100.0,10.0,-1.0,1,$1.75 ,6714.51,0.12,61.79,197.37,31.31,534.01,137,1812
,V7000_DEVICE,144301,IBM V7000 Device,STGCLD03,222415,100.0,10.0,-1.0,1,$1.75 ,9324.19,1.09,154.21,202.06,76.32,434.77,137,1812
,VMAX_DEVICE,140914,EMC VMax Device,VMAX-197801529,218532,100.0,10.0,-1.0,1,$3.00 ,35720.35,0.0,152.78,192.58,79.33,156.36,137,1812
,VMAX_DEVICE,140915,EMC VMax Device,VMAX-197801527,218533,100.0,10.0,-1.0,1,$3.00 ,1720.67,0.0,79.1,194.72,40.62,80.53,137,1812
,V7000_DEVICE,144302,IBM V7000 Device,STGCLD02,222416,100.0,10.0,-1.0,1,$1.75 ,10162.34,0.12,61.87,197.37,31.35,534.01,137,1814
,V7000_DEVICE,144303,IBM V7000 Device,STGCLD03,222418,100.0,10.0,-1.0,1,$1.75 ,22140.74,1.84,154.2,202.06,76.32,434.77,137,1814
,VMAX_DEVICE,141324,EMC VMax Device,VMAX-197801529,219022,100.0,10.0,-1.0,1,$3.00 ,31204.19,0.0,152.88,192.8,79.3,156.24,137,1814
,VMAX_DEVICE,141325,EMC VMax Device,VMAX-197801527,219023,100.0,10.0,-1.0,1,$3.00 ,1778.41,0.0,79.2,194.7,40.68,80.65,137,1814
,V7000_DEVICE,144304,IBM V7000 Device,STGCLD02,222417,100.0,10.0,-1.0,1,$1.75 ,3460.46,0.1,61.88,197.37,31.35,534.01,137,1817
,V7000_DEVICE,144306,IBM V7000 Device,STGCLD03,222420,100.0,10.0,-1.0,1,$1.75 ,8765.57,1.15,153.65,202.06,76.04,434.77,137,1817
,VMAX_DEVICE,142080,EMC VMax Device,VMAX-197801527,219917,100.0,10.0,-1.0,1,$3.00 ,1419.43,0.0,79.44,194.71,40.8,80.89,137,1817
,VMAX_DEVICE,142079,EMC VMax Device,VMAX-197801529,219916,100.0,10.0,-1.0,1,$3.00 ,42809.43,0.0,153.17,192.82,79.43,156.5,137,1817
,V7000_DEVICE,144305,IBM V7000 Device,STGCLD02,222419,100.0,10.0,-1.0,1,$1.75 ,5456.12,0.11,61.89,197.37,31.36,534.01,137,1819
,V7000_DEVICE,144307,IBM V7000 Device,STGCLD03,222421,100.0,10.0,-1.0,1,$1.75 ,6828.84,1.06,154.16,202.06,76.29,434.77,137,1819
,VMAX_DEVICE,142506,EMC VMax Device,VMAX-197801529,220387,100.0,10.0,-1.0,1,$3.00 ,37313.88,0.0,152.62,192.43,79.31,156.35,137,1819
,VMAX_DEVICE,142507,EMC VMax Device,VMAX-197801527,220388,100.0,10.0,-1.0,1,$3.00 ,1525.89,0.0,79.4,194.7,40.78,80.86,137,1819
,V7000_DEVICE,144308,IBM V7000 Device,STGCLD02,222422,100.0,10.0,-1.0,1,$1.75 ,1119.82,0.11,61.89,197.37,31.36,534.01,137,1821
,V7000_DEVICE,144309,IBM V7000 Device,STGCLD03,222423,100.0,10.0,-1.0,1,$1.75 ,4080.91,1.05,153.45,202.06,75.94,434.77,137,1821
,VMAX_DEVICE,142931,EMC VMax Device,VMAX-197801529,220859,100.0,10.0,-1.0,1,$3.00 ,28904.82,0.0,153.08,192.68,79.45,156.56,137,1821
,VMAX_DEVICE,142932,EMC VMax Device,VMAX-197801527,220860,100.0,10.0,-1.0,1,$3.00 ,1204.49,0.0,79.59,194.7,40.88,81.05,137,1821
,V7000_DEVICE,144295,IBM V7000 Device,STGCLD02,222408,100.0,10.0,-1.0,1,$1.75 ,2621.72,0.1,61.97,197.37,31.4,534.01,137,1824
,V7000_DEVICE,144294,IBM V7000 Device,STGCLD03,222409,100.0,10.0,-1.0,1,$1.75 ,8122.44,1.34,154.49,202.06,76.46,434.77,137,1824
,VMAX_DEVICE,143627,EMC VMax Device,VMAX-197801527,221675,100.0,10.0,-1.0,1,$3.00 ,1255.84,0.0,79.57,194.71,40.87,81.02,137,1824
,VMAX_DEVICE,143626,EMC VMax Device,VMAX-197801529,221674,100.0,10.0,-1.0,1,$3.00 ,43102.01,0.0,153.28,192.55,79.61,156.89,137,1824
,V7000_DEVICE,144296,IBM V7000 Device,STGCLD02,222410,100.0,10.0,-1.0,1,$1.75 ,5282.96,0.11,61.9,197.37,31.36,534.01,137,1826
,V7000_DEVICE,144297,IBM V7000 Device,STGCLD03,222411,100.0,10.0,-1.0,1,$1.75 ,7656.56,1.05,154.03,202.06,76.23,434.77,137,1826
,VMAX_DEVICE,144015,EMC VMax Device,VMAX-197801529,222090,100.0,10.0,-1.0,1,$3.00 ,35131.65,0.0,153.02,192.22,79.61,156.95,137,1826
,VMAX_DEVICE,144016,EMC VMax Device,VMAX-197801527,222091,100.0,10.0,-1.0,1,$3.00 ,1520.51,0.0,79.02,194.68,40.59,80.5,137,1826
,V7000_DEVICE,144492,IBM V7000 Device,STGCLD02,222614,100.0,10.0,-1.0,1,$1.75 ,5221.27,0.1,61.89,197.37,31.36,534.01,137,1828
,V7000_DEVICE,144491,IBM V7000 Device,STGCLD03,222615,100.0,10.0,-1.0,1,$1.75 ,17006.97,1.45,153.72,202.06,76.08,434.77,137,1828
,VMAX_DEVICE,144493,EMC VMax Device,VMAX-197801529,222616,100.0,10.0,-1.0,1,$3.00 ,31498.85,0.0,153.97,192.26,80.08,157.86,137,1828
,VMAX_DEVICE,144494,EMC VMax Device,VMAX-197801527,222617,100.0,10.0,-1.0,1,$3.00 ,1240.16,0.0,79.48,194.72,40.81,80.91,137,1828
,V7000_DEVICE,145152,IBM V7000 Device,STGCLD02,223376,100.0,10.0,-1.0,1,$1.75 ,2619.94,0.1,61.92,197.37,31.37,534.01,137,1831
,V7000_DEVICE,145151,IBM V7000 Device,STGCLD03,223377,100.0,10.0,-1.0,1,$1.75 ,8904.25,1.19,153.58,202.06,76.01,434.77,137,1831
,VMAX_DEVICE,145156,EMC VMax Device,VMAX-197801527,223383,100.0,10.0,-1.0,1,$3.00 ,1408.2,0.0,79.77,194.73,40.96,81.2,137,1831
,VMAX_DEVICE,145155,EMC VMax Device,VMAX-197801529,223382,100.0,10.0,-1.0,1,$3.00 ,40926.64,0.0,151.56,193.05,78.51,154.67,137,1831
,V7000_DEVICE,145543,IBM V7000 Device,STGCLD02,223797,100.0,10.0,-1.0,1,$1.75 ,5404.04,0.15,61.94,197.37,31.38,534.01,137,1833
,V7000_DEVICE,145542,IBM V7000 Device,STGCLD03,223798,100.0,10.0,-1.0,1,$1.75 ,7202.78,1.5,153.66,202.06,76.05,434.77,137,1833
,VMAX_DEVICE,145544,EMC VMax Device,VMAX-197801529,223799,100.0,10.0,-1.0,1,$3.00 ,36340.64,0.0,153.18,192.43,79.6,156.91,137,1833
,VMAX_DEVICE,145545,EMC VMax Device,VMAX-197801527,223800,100.0,10.0,-1.0,1,$3.00 ,1627.91,0.0,79.24,194.7,40.7,80.69,137,1833
,V7000_DEVICE,145980,IBM V7000 Device,STGCLD02,224286,100.0,10.0,-1.0,1,$1.75 ,8012.5,0.13,61.95,197.37,31.39,534.01,137,1835
,V7000_DEVICE,145979,IBM V7000 Device,STGCLD03,224287,100.0,10.0,-1.0,1,$1.75 ,17155.58,1.47,154.26,202.06,76.35,434.77,137,1835
,VMAX_DEVICE,145981,EMC VMax Device,VMAX-197801529,224288,100.0,10.0,-1.0,1,$3.00 ,30130.42,0.0,152.99,192.86,79.33,156.29,137,1835
,DATA_DOMAIN,145993,EMC Data Domain Device,DD-NVT10164100062,224300,100.0,20.0,-1.0,1,$1.75 ,0.0,0.0,6033.14,9669.12,62.4,6033.14,137,1835
,DATA_DOMAIN,145992,EMC Data Domain Device,DD-NVT10170700007,224301,100.0,20.0,-1.0,1,$1.75 ,0.0,0.0,6029.89,9839.19,61.28,6029.89,137,1835
,VMAX_DEVICE,145982,EMC VMax Device,VMAX-197801527,224289,100.0,10.0,-1.0,1,$3.00 ,1579.12,0.0,80.5,194.74,41.34,81.92,137,1835
,V7000_DEVICE,146654,IBM V7000 Device,STGCLD02,225069,100.0,10.0,-1.0,1,$1.75 ,2741.33,0.1,61.92,197.37,31.37,534.01,137,1838
,V7000_DEVICE,146655,IBM V7000 Device,STGCLD03,225070,100.0,10.0,-1.0,1,$1.75 ,7926.07,1.22,153.59,202.06,76.01,434.77,137,1838
,DATA_DOMAIN,146653,EMC Data Domain Device,DD-NVT10170700007,225072,100.0,20.0,-1.0,1,$1.75 ,0.0,0.0,6039.49,9364.19,64.5,6039.49,137,1838
,VMAX_DEVICE,146663,EMC VMax Device,VMAX-197801527,225087,100.0,10.0,-1.0,1,$3.00 ,1299.76,0.0,79.64,194.75,40.89,81.05,137,1838
,DATA_DOMAIN,146652,EMC Data Domain Device,DD-NVT10164100062,225071,100.0,20.0,-1.0,1,$1.75 ,0.0,0.0,6042.48,9092.37,66.46,6042.48,137,1838
,VMAX_DEVICE,146662,EMC VMax Device,VMAX-197801529,225086,100.0,10.0,-1.0,1,$3.00 ,41734.96,0.0,153.56,192.52,79.76,157.2,137,1838
,V7000_DEVICE,147041,IBM V7000 Device,STGCLD02,225528,100.0,10.0,-1.0,1,$1.75 ,7825.41,0.11,61.93,197.37,31.38,534.01,137,1840
,V7000_DEVICE,147040,IBM V7000 Device,STGCLD03,225529,100.0,10.0,-1.0,1,$1.75 ,9460.66,0.98,154.52,202.06,76.47,434.77,137,1840
,DATA_DOMAIN,147039,EMC Data Domain Device,DD-NVT10164100062,225530,100.0,20.0,-1.0,1,$1.75 ,0.0,0.0,6036.09,8820.95,68.43,6036.09,137,1840
,VMAX_DEVICE,147046,EMC VMax Device,VMAX-197801529,225536,100.0,10.0,-1.0,1,$3.00 ,35689.17,0.0,153.49,192.38,79.78,157.27,137,1840
,DATA_DOMAIN,147038,EMC Data Domain Device,DD-NVT10170700007,225531,100.0,20.0,-1.0,1,$1.75 ,0.0,0.0,6032.88,9126.7,66.1,6032.88,137,1840
,VMAX_DEVICE,147047,EMC VMax Device,VMAX-197801527,225537,100.0,10.0,-1.0,1,$3.00 ,1742.16,0.0,79.89,194.77,41.02,81.28,137,1840
,V7000_DEVICE,147465,IBM V7000 Device,STGCLD02,226030,100.0,10.0,-1.0,1,$1.75 ,7750.98,0.12,61.97,197.37,31.4,534.01,137,1842
,V7000_DEVICE,147464,IBM V7000 Device,STGCLD03,226031,100.0,10.0,-1.0,1,$1.75 ,14885.92,1.46,154.16,202.06,76.29,434.77,137,1842
,DATA_DOMAIN,147462,EMC Data Domain Device,DD-NVT10164100062,226032,100.0,20.0,-1.0,1,$1.75 ,0.0,0.0,6038.05,9804.83,61.58,6038.05,137,1842
,VMAX_DEVICE,147470,EMC VMax Device,VMAX-197801529,226038,100.0,10.0,-1.0,1,$3.00 ,29784.12,0.0,152.66,192.68,79.23,156.13,137,1842
,DATA_DOMAIN,147463,EMC Data Domain Device,DD-NVT10170700007,226033,100.0,20.0,-1.0,1,$1.75 ,0.0,0.0,6034.68,9940.97,60.71,6034.68,137,1842
,VMAX_DEVICE,147471,EMC VMax Device,VMAX-197801527,226039,100.0,10.0,-1.0,1,$3.00 ,1520.6,0.0,80.17,194.74,41.17,81.58,137,1842
,V7000_DEVICE,148141,IBM V7000 Device,STGCLD02,226837,100.0,10.0,-1.0,1,$1.75 ,2724.63,0.1,61.93,197.37,31.38,534.01,137,1845
,V7000_DEVICE,148146,IBM V7000 Device,STGCLD03,226838,100.0,10.0,-1.0,1,$1.75 ,5506.52,1.17,153.53,202.06,75.98,434.77,137,1845
,DATA_DOMAIN,148140,EMC Data Domain Device,DD-NVT10164100062,226839,100.0,20.0,-1.0,1,$1.75 ,0.0,0.0,6027.28,9465.56,63.68,6027.28,137,1845
,VMAX_DEVICE,148156,EMC VMax Device,VMAX-197801527,226853,100.0,10.0,-1.0,1,$3.00 ,1317.64,0.0,80.01,194.77,41.08,81.4,137,1845
,DATA_DOMAIN,148142,EMC Data Domain Device,DD-NVT10170700007,226840,100.0,20.0,-1.0,1,$1.75 ,0.0,0.0,6024.02,9669.55,62.3,6024.02,137,1845
,VMAX_DEVICE,148155,EMC VMax Device,VMAX-197801529,226852,100.0,10.0,-1.0,1,$3.00 ,35690.89,0.0,152.29,192.89,78.95,155.56,137,1845
