classification,ttl_latency_capacity,ttl_iops_capacity,ttl_mbsec_capacity,avg_price_per_gb,ttl_used,ttl_usable,pct_used,ttl_allocated,ttl_iops,ttl_latency,client_id,period_id
DR,10.0,500000.0,7000.0,1.75,62.96,197.37,31.9,542.21,6657.25,0.13,137,1467
Prod-iSeries,10.0,500000.0,7000.0,1.75,154.13,202.06,76.28,434.77,11368.21,0.97,137,1467
DR,10.0,100000.0,2000.0,3.0,47.93,195.93,24.46,48.15,0.0,0.0,137,1468
Prod-Open,10.0,100000.0,2000.0,3.0,147.67,191.21,77.23,152.62,0.0,0.0,137,1468
DR,10.0,600000.0,9000.0,2.38,110.62,393.25,28.13,590.13,11672.98,0.12,137,1469
Prod-iSeries,10.0,500000.0,7000.0,1.75,154.35,202.07,76.39,434.77,27351.15,1.52,137,1469
Prod-Open,10.0,100000.0,2000.0,3.0,146.69,191.09,76.76,151.75,0.0,0.0,137,1469
DR,10.0,500000.0,7000.0,1.75,62.98,197.38,31.91,542.21,13627.62,0.14,137,1470
Prod-iSeries,10.0,500000.0,7000.0,1.75,154.42,202.04,76.43,434.77,27489.72,1.63,137,1470
DR,10.0,600000.0,9000.0,2.38,113.58,393.27,28.88,593.01,11175.73,0.12,137,1471
Prod-iSeries,10.0,500000.0,7000.0,1.75,154.43,202.07,76.42,434.77,27988.66,1.55,137,1471
Prod-Open,10.0,100000.0,2000.0,3.0,149.2,191.04,78.09,154.31,0.0,0.0,137,1471
DR,10.0,600000.0,9000.0,2.38,113.38,393.27,28.83,592.85,10847.32,0.09,137,1474
Prod-iSeries,10.0,500000.0,7000.0,1.75,153.92,202.06,76.17,434.77,9611.39,0.84,137,1474
Prod-Open,10.0,100000.0,2000.0,3.0,147.15,190.76,77.14,152.56,33956.08,0.0,137,1474
DR,10.0,600000.0,9000.0,2.38,114.31,393.29,29.07,593.76,15198.43,0.09,137,1476
Prod-iSeries,10.0,500000.0,7000.0,1.75,154.51,202.06,76.47,434.77,24402.59,1.5,137,1476
Prod-Open,10.0,100000.0,2000.0,3.0,149.32,190.14,78.53,155.33,34366.58,0.0,137,1476
DR,10.0,600000.0,9000.0,2.38,113.53,393.26,28.87,593.01,13128.8,0.09,137,1478
Prod-iSeries,10.0,500000.0,7000.0,1.75,154.37,202.07,76.4,434.77,27122.11,1.55,137,1478
Prod-Open,10.0,100000.0,2000.0,3.0,124.8,190.93,65.36,130.03,27361.33,0.0,137,1478
DR,10.0,600000.0,9000.0,2.38,115.07,393.29,29.26,594.17,7099.73,0.11,137,1481
Prod-iSeries,10.0,500000.0,7000.0,1.75,153.99,202.06,76.21,434.77,17702.27,0.73,137,1481
Prod-Open,10.0,100000.0,2000.0,3.0,121.51,191.13,63.57,126.54,43237.75,0.0,137,1481
DR,10.0,600000.0,9000.0,2.38,114.34,393.27,29.07,593.43,8245.52,0.1,137,1483
Prod-iSeries,10.0,500000.0,7000.0,1.75,154.0,202.06,76.21,434.77,23018.07,1.2,137,1483
Prod-Open,10.0,100000.0,2000.0,3.0,122.28,191.49,63.86,126.95,39324.5,0.0,137,1483
DR,10.0,600000.0,9000.0,2.38,113.04,393.28,28.74,592.11,13813.39,0.1,137,1485
Prod-iSeries,10.0,500000.0,7000.0,1.75,154.52,202.07,76.47,434.77,28055.17,1.53,137,1485
Prod-Open,10.0,100000.0,2000.0,3.0,123.2,192.21,64.1,127.15,36879.67,0.0,137,1485
DR,10.0,600000.0,9000.0,2.38,113.21,393.37,28.78,592.1,8154.45,0.09,137,1488
Prod-iSeries,10.0,500000.0,7000.0,1.75,154.99,202.05,76.71,434.77,32458.38,1.15,137,1488
Prod-Open,10.0,100000.0,2000.0,3.0,120.05,191.8,62.59,124.4,43121.92,0.0,137,1488
DR,10.0,600000.0,9000.0,2.38,112.73,393.32,28.66,591.73,17657.11,0.07,137,1490
Prod-iSeries,10.0,500000.0,7000.0,1.75,154.24,202.07,76.33,434.77,21906.73,1.43,137,1490
Prod-Open,10.0,100000.0,2000.0,3.0,119.51,191.92,62.27,123.75,41322.58,0.0,137,1490
DR,10.0,600000.0,9000.0,2.38,116.94,393.28,29.73,595.98,24334.25,0.06,137,1492
Prod-iSeries,10.0,500000.0,7000.0,1.75,154.66,202.06,76.54,434.77,26946.15,1.33,137,1492
Prod-Open,10.0,100000.0,2000.0,3.0,120.95,192.39,62.87,124.72,40089.5,0.0,137,1492
DR,10.0,600000.0,9000.0,2.38,130.92,392.28,33.37,610.92,8900.87,0.08,137,1495
Prod-iSeries,10.0,500000.0,7000.0,1.75,153.96,202.06,76.2,434.77,12899.16,0.79,137,1495
Prod-Open,10.0,100000.0,2000.0,3.0,118.89,192.17,61.87,122.88,44788.83,0.0,137,1495
DR,10.0,600000.0,9000.0,2.38,138.4,391.85,35.32,618.82,12651.3,0.1,137,1497
Prod-iSeries,10.0,500000.0,7000.0,1.75,154.74,202.07,76.58,434.77,17096.7,1.39,137,1497
Prod-Open,10.0,100000.0,2000.0,3.0,120.08,192.21,62.47,124.03,44137.58,0.0,137,1497
DR,10.0,600000.0,9000.0,2.38,138.48,392.19,35.31,618.57,17069.77,0.07,137,1499
Prod-iSeries,10.0,500000.0,7000.0,1.75,154.28,202.06,76.35,434.77,26625.48,1.44,137,1499
Prod-Open,10.0,100000.0,2000.0,3.0,119.85,192.5,62.26,123.51,38738.58,0.0,137,1499
DR,10.0,600000.0,9000.0,2.38,140.13,392.38,35.71,619.98,10331.17,0.08,137,1502
Prod-iSeries,10.0,500000.0,7000.0,1.75,153.57,202.06,76.0,434.77,14695.09,0.86,137,1502
Prod-Open,10.0,100000.0,2000.0,3.0,119.35,192.32,62.06,123.19,37249.17,0.0,137,1502
DR,10.0,600000.0,9000.0,2.38,140.65,392.41,35.84,620.48,14624.65,0.08,137,1504
Prod-iSeries,10.0,500000.0,7000.0,1.75,154.1,202.07,76.26,434.77,30405.7,1.47,137,1504
Prod-Open,10.0,100000.0,2000.0,3.0,119.56,192.21,62.2,123.51,43125.83,0.0,137,1504
DR,10.0,600000.0,9000.0,2.38,139.18,392.28,35.48,619.15,14235.85,0.09,137,1506
Prod-iSeries,10.0,500000.0,7000.0,1.75,154.33,202.06,76.38,434.77,27309.11,1.48,137,1506
Prod-Open,10.0,100000.0,2000.0,3.0,123.35,192.78,63.98,126.73,39549.33,0.0,137,1506
DR,10.0,600000.0,9000.0,2.38,137.8,392.37,35.12,617.65,18725.78,0.12,137,1509
Prod-iSeries,10.0,500000.0,7000.0,1.75,150.82,199.54,75.58,434.77,26339.21,1.06,137,1509
DR,10.0,600000.0,9000.0,2.38,138.57,392.44,35.31,618.4,14108.76,0.09,137,1511
Prod-iSeries,10.0,500000.0,7000.0,1.75,154.26,202.07,76.34,434.77,29099.37,1.43,137,1511
Prod-Open,10.0,100000.0,2000.0,3.0,117.09,192.19,60.92,121.06,38965.58,0.0,137,1511
DR,10.0,600000.0,9000.0,2.38,140.21,392.65,35.71,619.8,13769.42,0.1,137,1513
Prod-iSeries,10.0,500000.0,7000.0,1.75,154.25,202.07,76.33,434.77,27570.58,1.36,137,1513
Prod-Open,10.0,100000.0,2000.0,3.0,117.56,192.53,61.06,121.19,38814.5,0.0,137,1513
DR,10.0,100000.0,2000.0,3.0,74.96,195.04,38.43,76.08,2924.08,0.0,137,1516
Prod-iSeries,10.0,500000.0,7000.0,1.75,153.83,202.06,76.13,434.77,13979.04,0.82,137,1516
Prod-Open,10.0,100000.0,2000.0,3.0,116.29,192.24,60.49,120.21,43444.83,0.0,137,1516
DR,10.0,600000.0,9000.0,2.38,138.41,392.28,35.28,618.35,12592.88,0.09,137,1518
Prod-iSeries,10.0,500000.0,7000.0,1.75,154.36,202.06,76.39,434.77,28366.6,1.53,137,1518
Prod-Open,10.0,100000.0,2000.0,3.0,116.52,192.15,60.64,120.53,39719.25,0.0,137,1518
DR,10.0,600000.0,9000.0,2.38,140.14,392.52,35.7,619.83,13837.27,0.09,137,1520
Prod-iSeries,10.0,500000.0,7000.0,1.75,154.53,202.06,76.48,434.77,27414.91,1.5,137,1520
Prod-Open,10.0,100000.0,2000.0,3.0,118.74,192.53,61.67,122.37,40465.5,0.0,137,1520
DR,10.0,600000.0,9000.0,2.38,138.89,392.39,35.4,618.7,10239.91,0.09,137,1523
Prod-Open,10.0,100000.0,2000.0,3.0,116.97,192.22,60.85,120.91,47411.25,0.0,137,1523
DR,10.0,600000.0,9000.0,2.38,139.59,392.44,35.57,619.34,14938.64,0.09,137,1525
Prod-iSeries,10.0,500000.0,7000.0,1.75,154.48,202.06,76.45,434.77,17910.82,1.78,137,1525
Prod-Open,10.0,100000.0,2000.0,3.0,117.15,192.07,61.0,121.25,43705.25,0.0,137,1525
DR,10.0,600000.0,9000.0,2.38,139.0,392.47,35.42,618.71,2692.5,0.0,137,1527
Prod-iSeries,10.0,500000.0,7000.0,1.75,154.52,202.06,76.47,434.77,0.0,0.0,137,1527
Prod-Open,10.0,100000.0,2000.0,3.0,119.03,192.48,61.84,122.71,41140.83,0.0,137,1527
DR,10.0,600000.0,9000.0,2.38,139.31,392.4,35.5,619.06,11128.39,0.17,137,1530
Prod-iSeries,10.0,500000.0,7000.0,1.75,154.01,202.06,76.22,434.77,13749.44,1.02,137,1530
Prod-Open,10.0,100000.0,2000.0,3.0,117.47,192.18,61.12,121.45,46959.42,0.0,137,1530
DR,10.0,600000.0,9000.0,2.38,139.81,392.43,35.63,619.51,10793.71,0.08,137,1532
Prod-iSeries,10.0,500000.0,7000.0,1.75,154.66,202.06,76.54,434.77,10008.56,0.73,137,1532
Prod-Open,10.0,100000.0,2000.0,3.0,117.6,192.09,61.22,121.68,48865.25,0.0,137,1532
DR,10.0,600000.0,9000.0,2.38,140.9,392.56,35.89,620.49,11245.64,0.08,137,1534
Prod-iSeries,10.0,500000.0,7000.0,1.75,154.44,202.06,76.43,434.77,15305.46,1.15,137,1534
Prod-Open,10.0,100000.0,2000.0,3.0,123.44,192.39,64.16,127.21,40680.75,0.0,137,1534
DR,10.0,600000.0,9000.0,2.38,140.7,392.45,35.85,620.38,7178.73,0.19,137,1537
Prod-iSeries,10.0,500000.0,7000.0,1.75,155.02,202.05,76.72,434.77,8183.3,1.35,137,1537
Prod-Open,10.0,100000.0,2000.0,3.0,118.89,192.1,61.89,122.95,46144.92,0.0,137,1537
DR,10.0,600000.0,9000.0,2.38,140.64,392.36,35.84,620.54,10599.95,0.08,137,1539
Prod-iSeries,10.0,500000.0,7000.0,1.75,154.45,202.06,76.44,434.77,9356.47,1.05,137,1539
Prod-Open,10.0,100000.0,2000.0,3.0,119.61,192.08,62.27,123.69,45320.58,0.0,137,1539
DR,10.0,600000.0,9000.0,2.38,141.67,392.64,36.08,621.3,12137.24,0.09,137,1541
Prod-iSeries,10.0,500000.0,7000.0,1.75,154.5,202.06,76.46,434.77,13015.91,0.98,137,1541
Prod-Open,10.0,100000.0,2000.0,3.0,120.21,192.28,62.52,124.09,40217.33,0.0,137,1541
DR,10.0,600000.0,9000.0,2.38,138.75,392.31,35.37,618.76,8778.91,0.18,137,1544
Prod-iSeries,10.0,500000.0,7000.0,1.75,154.01,202.07,76.22,434.77,9768.08,0.79,137,1544
Prod-Open,10.0,100000.0,2000.0,3.0,118.59,192.07,61.74,122.68,46903.08,0.0,137,1544
DR,10.0,600000.0,9000.0,2.38,139.57,392.41,35.57,619.57,8005.0,0.09,137,1546
Prod-iSeries,10.0,500000.0,7000.0,1.75,154.46,202.06,76.44,434.77,8157.89,1.04,137,1546
Prod-Open,10.0,100000.0,2000.0,3.0,120.09,192.04,62.53,124.21,49037.08,0.0,137,1546
DR,10.0,600000.0,9000.0,2.38,141.02,392.66,35.91,620.79,12071.41,0.1,137,1548
Prod-iSeries,10.0,500000.0,7000.0,1.75,154.48,202.06,76.45,434.77,16431.15,0.85,137,1548
Prod-Open,10.0,100000.0,2000.0,3.0,121.48,192.42,63.13,125.22,41299.17,0.0,137,1548
DR,10.0,600000.0,9000.0,2.38,139.34,392.43,35.51,619.33,8050.3,0.18,137,1551
Prod-iSeries,10.0,500000.0,7000.0,1.75,153.98,202.06,76.21,434.77,8136.85,1.16,137,1551
Prod-Open,10.0,100000.0,2000.0,3.0,120.95,192.11,62.96,125.0,50670.67,0.0,137,1551
DR,10.0,600000.0,9000.0,2.38,139.35,392.45,35.51,619.33,14672.52,0.11,137,1553
Prod-iSeries,10.0,500000.0,7000.0,1.75,154.61,202.05,76.52,434.77,22533.39,1.13,137,1553
Prod-Open,10.0,100000.0,2000.0,3.0,120.09,192.02,62.54,124.23,48384.5,0.0,137,1553
DR,10.0,600000.0,9000.0,2.38,140.69,392.69,35.83,620.59,12435.97,0.11,137,1555
Prod-iSeries,10.0,500000.0,7000.0,1.75,154.13,202.02,76.3,434.77,18500.95,0.83,137,1555
Prod-Open,10.0,100000.0,2000.0,3.0,122.12,192.38,63.48,125.91,43188.0,0.0,137,1555
DR,10.0,600000.0,9000.0,2.38,140.1,392.6,35.69,620.33,8579.11,0.18,137,1558
Prod-iSeries,10.0,500000.0,7000.0,1.75,154.04,202.06,76.23,434.77,15740.21,0.77,137,1558
Prod-Open,10.0,100000.0,2000.0,3.0,121.88,192.42,63.34,125.62,50934.0,0.0,137,1558
DR,10.0,600000.0,9000.0,2.38,139.72,392.51,35.6,620.21,11341.16,0.1,137,1560
Prod-iSeries,10.0,500000.0,7000.0,1.75,154.78,202.06,76.6,434.77,18387.78,0.96,137,1560
Prod-Open,10.0,100000.0,2000.0,3.0,121.32,192.12,63.15,125.37,47124.75,0.0,137,1560
DR,10.0,600000.0,9000.0,2.38,141.0,392.61,35.91,621.39,12681.69,0.1,137,1562
Prod-iSeries,10.0,500000.0,7000.0,1.75,154.55,202.07,76.48,434.77,20235.43,0.87,137,1562
Prod-Open,10.0,100000.0,2000.0,3.0,124.28,192.55,64.54,127.89,42671.5,0.0,137,1562
DR,10.0,600000.0,9000.0,2.38,140.23,392.48,35.73,620.72,8973.83,0.22,137,1565
Prod-iSeries,10.0,500000.0,7000.0,1.75,153.78,202.06,76.11,434.77,17439.85,0.92,137,1565
Prod-Open,10.0,100000.0,2000.0,3.0,122.5,192.39,63.67,126.28,46539.92,0.0,137,1565
DR,10.0,600000.0,9000.0,2.38,140.37,392.49,35.77,620.88,9397.01,0.13,137,1567
Prod-iSeries,10.0,500000.0,7000.0,1.75,154.56,202.05,76.5,434.77,16138.61,0.67,137,1567
Prod-Open,10.0,100000.0,2000.0,3.0,121.61,192.04,63.33,125.73,44717.17,0.0,137,1567
DR,10.0,600000.0,9000.0,2.38,141.58,392.64,36.06,621.91,13752.06,0.12,137,1569
Prod-iSeries,10.0,500000.0,7000.0,1.75,154.7,202.06,76.56,434.77,21635.08,0.98,137,1569
Prod-Open,10.0,100000.0,2000.0,3.0,123.19,192.46,64.01,126.89,40819.92,0.0,137,1569
DR,10.0,600000.0,9000.0,2.38,141.05,392.54,35.93,621.43,9425.75,0.16,137,1572
Prod-iSeries,10.0,500000.0,7000.0,1.75,154.0,202.06,76.21,434.77,16380.75,0.93,137,1572
Prod-Open,10.0,100000.0,2000.0,3.0,121.87,192.28,63.38,125.75,51086.92,0.0,137,1572
DR,10.0,600000.0,9000.0,2.38,140.77,392.47,35.87,621.21,10696.54,0.1,137,1574
Prod-iSeries,10.0,500000.0,7000.0,1.75,154.51,202.06,76.47,434.77,17269.34,1.13,137,1574
DR,10.0,600000.0,9000.0,2.38,142.05,392.66,36.18,622.27,13084.64,0.11,137,1576
Prod-iSeries,10.0,500000.0,7000.0,1.75,154.58,202.06,76.5,434.77,21014.47,0.96,137,1576
Prod-Open,10.0,100000.0,2000.0,3.0,124.14,192.48,64.5,127.82,42593.25,0.0,137,1576
DR,10.0,600000.0,9000.0,2.38,140.12,392.37,35.71,620.53,9930.39,0.19,137,1579
Prod-iSeries,10.0,500000.0,7000.0,1.75,155.2,202.06,76.81,434.77,16724.02,0.87,137,1579
Prod-Open,10.0,100000.0,2000.0,3.0,124.74,192.48,64.81,128.42,53934.58,0.0,137,1579
DR,10.0,600000.0,9000.0,2.38,140.44,392.36,35.79,620.93,9228.4,0.1,137,1581
Prod-iSeries,10.0,500000.0,7000.0,1.75,154.55,202.06,76.49,434.77,9013.55,1.33,137,1581
Prod-Open,10.0,100000.0,2000.0,3.0,123.23,192.03,64.17,127.36,49082.42,0.0,137,1581
DR,10.0,600000.0,9000.0,2.38,142.2,392.54,36.23,622.51,16054.64,0.11,137,1583
Prod-iSeries,10.0,500000.0,7000.0,1.75,154.97,202.06,76.69,434.77,31315.49,0.88,137,1583
DR,10.0,600000.0,9000.0,2.38,142.63,392.5,36.34,622.33,9031.53,0.23,137,1586
Prod-iSeries,10.0,500000.0,7000.0,1.75,154.17,202.06,76.3,434.77,14584.33,1.15,137,1586
Prod-Open,10.0,100000.0,2000.0,3.0,125.49,192.25,65.27,129.4,47279.05,0.0,137,1586
DR,10.0,600000.0,9000.0,2.38,142.33,392.42,36.27,622.11,10615.79,0.1,137,1588
Prod-iSeries,10.0,500000.0,7000.0,1.75,154.67,202.06,76.55,434.77,10110.06,1.12,137,1588
Prod-Open,10.0,100000.0,2000.0,3.0,124.74,191.94,64.99,128.95,41581.3,0.0,137,1588
DR,10.0,600000.0,9000.0,2.38,143.63,392.55,36.59,623.22,12980.89,0.11,137,1590
Prod-iSeries,10.0,500000.0,7000.0,1.75,154.63,202.06,76.52,434.77,22481.03,1.52,137,1590
Prod-Open,10.0,100000.0,2000.0,3.0,126.4,192.33,65.72,130.23,37200.76,0.0,137,1590
DR,10.0,600000.0,9000.0,2.38,142.0,392.21,36.2,621.95,8483.63,0.18,137,1593
Prod-iSeries,10.0,500000.0,7000.0,1.75,154.17,202.06,76.3,434.77,11345.22,1.16,137,1593
Prod-Open,10.0,100000.0,2000.0,3.0,126.83,192.3,65.96,130.69,47896.95,0.0,137,1593
DR,10.0,600000.0,9000.0,2.38,142.99,392.41,36.44,622.75,9722.28,0.09,137,1595
Prod-iSeries,10.0,500000.0,7000.0,1.75,154.92,202.06,76.67,434.77,12850.71,1.01,137,1595
Prod-Open,10.0,100000.0,2000.0,3.0,126.0,192.0,65.63,130.16,40892.29,0.0,137,1595
DR,10.0,600000.0,9000.0,2.38,142.04,391.96,36.24,622.22,12780.81,0.1,137,1597
Prod-iSeries,10.0,500000.0,7000.0,1.75,154.63,202.06,76.52,434.77,15842.66,1.21,137,1597
Prod-Open,10.0,100000.0,2000.0,3.0,129.47,192.32,67.32,133.31,37909.1,0.0,137,1597
DR,10.0,600000.0,9000.0,2.38,139.06,392.02,35.47,608.27,9910.58,0.17,137,1600
Prod-iSeries,10.0,500000.0,7000.0,1.75,151.85,202.06,75.15,425.56,17670.81,1.08,137,1600
Prod-Open,10.0,100000.0,2000.0,3.0,128.51,192.22,66.86,132.45,46112.99,0.0,137,1600
DR,10.0,100000.0,2000.0,3.0,78.89,194.7,40.52,80.35,1349.18,0.0,137,1602
Prod-iSeries,10.0,500000.0,7000.0,1.75,151.45,202.06,74.95,425.56,9061.7,1.02,137,1602
Prod-Open,10.0,100000.0,2000.0,3.0,127.51,191.82,66.47,131.84,42190.1,0.0,137,1602
DR,10.0,600000.0,9000.0,2.38,138.48,392.3,35.3,607.32,11757.31,0.11,137,1604
Prod-iSeries,10.0,500000.0,7000.0,1.75,151.58,202.06,75.02,425.56,15023.07,1.21,137,1604
Prod-Open,10.0,100000.0,2000.0,3.0,129.81,192.27,67.52,133.71,37684.72,0.0,137,1604
DR,10.0,600000.0,9000.0,2.38,138.66,392.63,35.31,607.17,11675.61,0.17,137,1607
Prod-iSeries,10.0,500000.0,7000.0,1.75,151.13,202.06,74.79,425.56,16154.69,0.91,137,1607
Prod-Open,10.0,100000.0,2000.0,3.0,125.5,192.33,65.25,129.33,44353.24,0.0,137,1607
DR,10.0,600000.0,9000.0,2.38,136.96,392.54,34.89,605.46,5389.78,0.07,137,1609
Prod-iSeries,10.0,500000.0,7000.0,1.75,150.94,202.06,74.7,425.56,13741.03,1.06,137,1609
Prod-Open,10.0,100000.0,2000.0,3.0,124.68,192.1,64.9,128.74,35558.02,0.0,137,1609
DR,10.0,600000.0,9000.0,2.38,138.02,392.67,35.15,606.37,11051.9,0.11,137,1611
Prod-iSeries,10.0,500000.0,7000.0,1.75,151.62,202.06,75.04,425.56,15400.44,0.87,137,1611
Prod-Open,10.0,100000.0,2000.0,3.0,126.51,192.39,65.76,130.28,36494.99,0.0,137,1611
DR,10.0,600000.0,9000.0,2.38,138.45,392.67,35.26,606.77,11629.23,0.18,137,1614
Prod-iSeries,10.0,500000.0,7000.0,1.75,151.33,202.06,74.89,425.56,19898.47,1.09,137,1614
Prod-Open,10.0,100000.0,2000.0,3.0,126.47,192.31,65.76,130.31,48967.63,0.0,137,1614
DR,10.0,600000.0,9000.0,2.38,138.8,392.67,35.35,607.08,10346.59,0.09,137,1616
Prod-iSeries,10.0,500000.0,7000.0,1.75,151.7,202.06,75.08,425.56,15066.34,1.19,137,1616
Prod-Open,10.0,100000.0,2000.0,3.0,126.25,192.09,65.73,130.33,41363.73,0.0,137,1616
DR,10.0,600000.0,9000.0,2.38,140.32,392.82,35.72,607.9,13301.48,0.12,137,1618
Prod-iSeries,10.0,500000.0,7000.0,1.75,152.12,202.06,75.29,425.56,18267.87,0.87,137,1618
Prod-Open,10.0,100000.0,2000.0,3.0,129.33,192.35,67.24,133.14,37341.71,0.0,137,1618
DR,10.0,600000.0,9000.0,2.38,138.69,392.64,35.32,606.46,6693.56,0.19,137,1621
Prod-iSeries,10.0,500000.0,7000.0,1.75,151.71,202.06,75.08,425.56,10644.33,1.57,137,1621
Prod-Open,10.0,100000.0,2000.0,3.0,129.93,192.36,67.54,133.73,46488.41,0.0,137,1621
DR,10.0,500000.0,7000.0,1.75,60.99,197.37,30.9,527.87,9307.34,0.11,137,1623
Prod-iSeries,10.0,500000.0,7000.0,1.75,152.52,202.06,75.48,425.56,13000.35,1.0,137,1623
Prod-Open,10.0,100000.0,2000.0,3.0,128.94,192.13,67.11,132.96,41488.22,0.0,137,1623
DR,10.0,600000.0,9000.0,2.38,140.38,392.72,35.74,608.01,13292.98,0.1,137,1625
Prod-iSeries,10.0,500000.0,7000.0,1.75,152.18,202.06,75.32,425.56,17904.32,1.1,137,1625
Prod-Open,10.0,100000.0,2000.0,3.0,138.06,192.51,71.71,141.71,38926.25,0.0,137,1625
DR,10.0,600000.0,9000.0,2.38,139.56,392.69,35.54,613.69,10975.88,0.18,137,1628
Prod-iSeries,10.0,500000.0,7000.0,1.75,154.4,202.06,76.41,434.77,14920.26,0.94,137,1628
Prod-Open,10.0,100000.0,2000.0,3.0,129.64,192.38,67.38,133.41,46016.23,0.0,137,1628
DR,10.0,600000.0,9000.0,2.38,139.84,392.65,35.61,613.63,10299.72,0.1,137,1630
Prod-iSeries,10.0,500000.0,7000.0,1.75,154.85,202.06,76.64,434.77,11207.92,1.01,137,1630
Prod-Open,10.0,100000.0,2000.0,3.0,130.61,192.2,67.96,134.57,41115.5,0.0,137,1630
DR,10.0,600000.0,9000.0,2.38,140.78,392.81,35.84,614.48,11910.76,0.12,137,1632
Prod-iSeries,10.0,500000.0,7000.0,1.75,154.88,202.06,76.65,434.77,14813.78,1.13,137,1632
Prod-Open,10.0,100000.0,2000.0,3.0,131.57,192.41,68.38,135.32,36219.47,0.0,137,1632
DR,10.0,600000.0,9000.0,2.38,140.52,392.7,35.78,614.32,8046.83,0.19,137,1635
Prod-iSeries,10.0,500000.0,7000.0,1.75,155.44,202.06,76.93,434.77,11682.25,1.34,137,1635
Prod-Open,10.0,100000.0,2000.0,3.0,130.43,192.22,67.86,134.38,48426.1,0.0,137,1635
DR,10.0,600000.0,9000.0,2.38,140.19,392.62,35.71,614.11,9576.24,0.09,137,1637
Prod-iSeries,10.0,500000.0,7000.0,1.75,154.77,202.06,76.6,434.77,11837.83,0.9,137,1637
Prod-Open,10.0,100000.0,2000.0,3.0,130.21,192.06,67.8,134.31,42201.07,0.0,137,1637
DR,10.0,600000.0,9000.0,2.38,141.31,392.78,35.98,614.99,12171.89,0.1,137,1639
Prod-iSeries,10.0,500000.0,7000.0,1.75,154.88,202.06,76.65,434.77,16032.87,1.11,137,1639
Prod-Open,10.0,100000.0,2000.0,3.0,131.93,192.35,68.59,135.74,38746.6,0.0,137,1639
DR,10.0,600000.0,9000.0,2.38,140.78,392.69,35.85,614.62,7174.9,0.13,137,1642
Prod-iSeries,10.0,500000.0,7000.0,1.75,154.37,202.06,76.4,434.77,10595.27,0.93,137,1642
Prod-Open,10.0,100000.0,2000.0,3.0,130.02,192.21,67.64,133.97,48354.08,0.0,137,1642
DR,10.0,600000.0,9000.0,2.38,140.62,392.61,35.82,614.54,15080.41,0.12,137,1644
Prod-iSeries,10.0,500000.0,7000.0,1.75,154.89,202.06,76.66,434.77,25621.77,0.89,137,1644
Prod-Open,10.0,100000.0,2000.0,3.0,130.18,191.97,67.81,134.37,36140.57,0.0,137,1644
DR,10.0,600000.0,9000.0,2.38,139.82,392.63,35.61,613.35,11724.03,0.1,137,1646
Prod-iSeries,10.0,500000.0,7000.0,1.75,155.2,202.06,76.81,434.77,17365.11,1.56,137,1646
Prod-Open,10.0,100000.0,2000.0,3.0,131.71,192.19,68.53,135.68,37704.16,0.0,137,1646
DR,10.0,600000.0,9000.0,2.38,139.99,392.62,35.66,613.89,6749.67,0.15,137,1649
Prod-iSeries,10.0,500000.0,7000.0,1.75,153.9,202.06,76.16,434.77,7003.49,1.02,137,1649
Prod-Open,10.0,100000.0,2000.0,3.0,130.39,192.14,67.86,134.41,47307.6,0.0,137,1649
DR,10.0,600000.0,9000.0,2.38,140.18,392.58,35.71,614.14,8859.07,0.11,137,1651
Prod-iSeries,10.0,500000.0,7000.0,1.75,154.45,202.06,76.44,434.77,8678.18,0.93,137,1651
Prod-Open,10.0,100000.0,2000.0,3.0,130.87,191.93,68.19,135.1,42527.58,0.0,137,1651
DR,10.0,600000.0,9000.0,2.38,141.57,392.66,36.05,615.43,9828.84,0.09,137,1653
Prod-iSeries,10.0,500000.0,7000.0,1.75,154.37,202.06,76.4,434.77,11969.89,0.9,137,1653
Prod-Open,10.0,100000.0,2000.0,3.0,134.03,192.25,69.72,137.94,38280.99,0.0,137,1653
DR,10.0,600000.0,9000.0,2.38,140.86,392.59,35.88,614.76,5836.22,0.18,137,1656
Prod-iSeries,10.0,500000.0,7000.0,1.75,153.56,202.06,76.0,434.77,6200.48,1.51,137,1656
Prod-Open,10.0,100000.0,2000.0,3.0,130.63,192.04,68.02,134.75,48710.94,0.0,137,1656
DR,10.0,600000.0,9000.0,2.38,140.85,392.55,35.88,614.77,8481.67,0.09,137,1658
Prod-iSeries,10.0,500000.0,7000.0,1.75,154.51,202.06,76.47,434.77,9034.04,1.12,137,1658
Prod-Open,10.0,100000.0,2000.0,3.0,131.99,191.93,68.77,136.22,42575.69,0.0,137,1658
DR,10.0,600000.0,9000.0,2.38,141.94,392.73,36.14,615.74,9177.2,0.08,137,1660
Prod-iSeries,10.0,500000.0,7000.0,1.75,154.08,202.06,76.25,434.77,9279.08,1.55,137,1660
Prod-Open,10.0,100000.0,2000.0,3.0,133.38,192.06,69.44,137.47,38772.01,0.0,137,1660
DR,10.0,600000.0,9000.0,2.38,141.71,392.63,36.09,615.6,6081.55,0.15,137,1663
Prod-iSeries,10.0,500000.0,7000.0,1.75,154.39,202.06,76.41,434.77,8599.97,1.2,137,1663
Prod-Open,10.0,100000.0,2000.0,3.0,132.08,191.95,68.81,136.29,47327.44,0.0,137,1663
DR,10.0,600000.0,9000.0,2.38,141.51,392.57,36.05,615.37,8832.7,0.08,137,1665
Prod-Open,10.0,100000.0,2000.0,3.0,132.56,192.0,69.04,136.72,43120.48,0.0,137,1665
DR,10.0,600000.0,9000.0,2.38,140.42,392.59,35.77,614.32,9690.51,0.1,137,1667
Prod-iSeries,10.0,500000.0,7000.0,1.75,153.96,202.06,76.19,434.77,12306.45,1.2,137,1667
Prod-Open,10.0,100000.0,2000.0,3.0,133.73,192.16,69.59,137.73,40051.62,0.0,137,1667
DR,10.0,600000.0,9000.0,2.38,142.1,392.77,36.18,615.78,5674.38,0.14,137,1670
Prod-iSeries,10.0,500000.0,7000.0,1.75,153.92,202.06,76.17,434.77,9573.57,1.08,137,1670
Prod-Open,10.0,100000.0,2000.0,3.0,132.37,192.14,68.89,136.39,49452.49,0.0,137,1670
DR,10.0,600000.0,9000.0,2.38,142.04,392.78,36.16,615.72,8097.3,0.09,137,1672
Prod-iSeries,10.0,500000.0,7000.0,1.75,154.13,202.06,76.28,434.77,7642.82,1.16,137,1672
Prod-Open,10.0,100000.0,2000.0,3.0,132.74,191.95,69.16,136.95,43215.38,0.0,137,1672
DR,10.0,600000.0,9000.0,2.38,142.37,392.81,36.24,616.0,10188.16,0.1,137,1674
Prod-iSeries,10.0,500000.0,7000.0,1.75,154.1,202.06,76.26,434.77,11915.64,0.99,137,1674
Prod-Open,10.0,100000.0,2000.0,3.0,133.52,192.14,69.49,137.55,38193.29,0.0,137,1674
DR,10.0,600000.0,9000.0,2.38,141.95,392.76,36.14,615.66,5806.56,0.15,137,1677
Prod-iSeries,10.0,500000.0,7000.0,1.75,154.02,202.06,76.23,434.77,10301.83,1.0,137,1677
Prod-Open,10.0,100000.0,2000.0,3.0,132.25,192.17,68.82,136.24,49850.12,0.0,137,1677
DR,10.0,600000.0,9000.0,2.38,142.27,392.78,36.22,615.81,8523.32,0.08,137,1679
Prod-iSeries,10.0,500000.0,7000.0,1.75,154.33,202.06,76.38,434.77,9294.46,1.14,137,1679
Prod-Open,10.0,100000.0,2000.0,3.0,133.15,192.0,69.35,137.31,43088.75,0.0,137,1679
DR,10.0,600000.0,9000.0,2.38,142.42,392.79,36.26,616.06,9399.05,0.11,137,1681
Prod-iSeries,10.0,500000.0,7000.0,1.75,153.98,202.06,76.21,434.77,16612.47,1.93,137,1681
Prod-Open,10.0,100000.0,2000.0,3.0,135.21,191.92,70.45,139.44,39110.4,0.0,137,1681
DR,10.0,600000.0,9000.0,2.38,142.51,392.73,36.29,616.15,6318.73,0.16,137,1684
Prod-iSeries,10.0,500000.0,7000.0,1.75,153.86,202.06,76.14,434.77,10814.72,1.0,137,1684
Prod-Open,10.0,100000.0,2000.0,3.0,132.46,191.97,69.0,136.65,45210.17,0.0,137,1684
DR,10.0,600000.0,9000.0,2.38,142.85,392.75,36.37,616.48,7883.23,0.07,137,1686
Prod-iSeries,10.0,500000.0,7000.0,1.75,154.11,202.06,76.27,434.77,8728.75,1.02,137,1686
Prod-Open,10.0,100000.0,2000.0,3.0,143.04,193.62,73.88,145.58,36638.02,0.0,137,1686
DR,10.0,600000.0,9000.0,2.38,143.04,392.73,36.42,616.62,8483.09,0.1,137,1688
Prod-iSeries,10.0,500000.0,7000.0,1.75,153.82,202.06,76.13,434.77,10693.47,1.85,137,1688
Prod-Open,10.0,100000.0,2000.0,3.0,145.57,193.13,75.37,148.6,32938.36,0.0,137,1688
DR,10.0,600000.0,9000.0,2.38,141.7,392.33,36.12,615.76,5237.56,0.14,137,1691
Prod-iSeries,10.0,500000.0,7000.0,1.75,154.59,202.06,76.51,434.77,8177.2,1.29,137,1691
Prod-Open,10.0,100000.0,2000.0,3.0,146.45,193.37,75.74,149.24,47380.05,0.0,137,1691
DR,10.0,600000.0,9000.0,2.38,141.81,392.29,36.15,615.95,8315.17,0.09,137,1693
Prod-iSeries,10.0,500000.0,7000.0,1.75,153.66,202.06,76.05,434.77,7365.15,1.35,137,1693
Prod-Open,10.0,100000.0,2000.0,3.0,146.34,193.5,75.63,149.0,39522.19,0.0,137,1693
DR,10.0,600000.0,9000.0,2.38,142.04,392.28,36.21,615.8,9538.54,0.09,137,1695
Prod-iSeries,10.0,500000.0,7000.0,1.75,153.76,202.06,76.1,434.77,11715.59,1.18,137,1695
Prod-Open,10.0,100000.0,2000.0,3.0,144.52,193.79,74.57,146.89,36532.69,0.0,137,1695
DR,10.0,600000.0,9000.0,2.38,142.67,392.44,36.35,616.61,5337.31,0.1,137,1698
Prod-iSeries,10.0,500000.0,7000.0,1.75,153.69,202.06,76.06,434.77,9802.2,1.18,137,1698
Prod-Open,10.0,100000.0,2000.0,3.0,146.54,193.56,75.71,149.13,48627.89,0.0,137,1698
DR,10.0,600000.0,9000.0,2.38,143.4,392.47,36.54,617.3,8760.8,0.11,137,1700
Prod-iSeries,10.0,500000.0,7000.0,1.75,153.95,202.06,76.19,434.77,8391.16,1.17,137,1700
Prod-Open,10.0,100000.0,2000.0,3.0,146.63,193.59,75.74,149.2,40138.71,0.0,137,1700
DR,10.0,600000.0,9000.0,2.38,142.36,392.46,36.27,616.21,9874.49,0.09,137,1702
Prod-iSeries,10.0,500000.0,7000.0,1.75,153.79,202.06,76.11,434.77,10536.96,1.14,137,1702
Prod-Open,10.0,100000.0,2000.0,3.0,146.68,193.71,75.72,149.13,36914.55,0.0,137,1702
DR,10.0,600000.0,9000.0,2.38,143.46,392.63,36.54,617.17,5371.73,0.1,137,1705
Prod-iSeries,10.0,500000.0,7000.0,1.75,153.69,202.06,76.06,434.77,8238.74,1.34,137,1705
Prod-Open,10.0,100000.0,2000.0,3.0,147.42,193.52,76.18,150.05,49173.42,0.0,137,1705
DR,10.0,600000.0,9000.0,2.38,142.94,392.59,36.41,616.7,2740.59,0.06,137,1707
Prod-iSeries,10.0,500000.0,7000.0,1.75,153.23,202.06,75.83,434.77,2507.7,1.51,137,1707
Prod-Open,10.0,100000.0,2000.0,3.0,145.88,193.51,75.39,148.53,31529.51,0.0,137,1707
DR,10.0,600000.0,9000.0,2.38,143.14,392.61,36.46,616.87,10156.82,0.11,137,1709
Prod-iSeries,10.0,500000.0,7000.0,1.75,153.86,202.06,76.15,434.77,10102.02,1.46,137,1709
Prod-Open,10.0,100000.0,2000.0,3.0,147.53,193.66,76.18,150.03,27596.51,0.0,137,1709
DR,10.0,600000.0,9000.0,2.38,143.27,392.6,36.49,617.0,4500.02,0.11,137,1712
Prod-iSeries,10.0,500000.0,7000.0,1.75,153.7,202.06,76.07,434.77,6728.57,1.65,137,1712
Prod-Open,10.0,100000.0,2000.0,3.0,147.69,193.48,76.33,150.36,40618.4,0.0,137,1712
DR,10.0,600000.0,9000.0,2.38,143.42,392.63,36.53,617.11,8559.13,0.08,137,1714
Prod-iSeries,10.0,500000.0,7000.0,1.75,153.93,202.06,76.18,434.77,7385.91,1.16,137,1714
Prod-Open,10.0,100000.0,2000.0,3.0,147.38,193.57,76.14,149.97,34127.67,0.0,137,1714
DR,10.0,600000.0,9000.0,2.38,143.55,392.66,36.56,617.06,9127.05,0.1,137,1716
Prod-iSeries,10.0,500000.0,7000.0,1.75,153.81,202.06,76.12,434.77,8454.48,1.34,137,1716
Prod-Open,10.0,100000.0,2000.0,3.0,149.16,193.55,77.07,151.77,28990.81,0.0,137,1716
DR,10.0,600000.0,9000.0,2.38,143.32,392.63,36.5,616.98,5135.76,0.1,137,1719
Prod-iSeries,10.0,500000.0,7000.0,1.75,153.68,202.06,76.06,434.77,9051.85,1.51,137,1719
Prod-Open,10.0,100000.0,2000.0,3.0,148.11,193.53,76.53,150.74,51450.87,0.0,137,1719
DR,10.0,600000.0,9000.0,2.38,143.48,392.64,36.54,617.12,7723.56,0.1,137,1721
Prod-iSeries,10.0,500000.0,7000.0,1.75,153.76,202.06,76.1,434.77,8457.2,2.01,137,1721
Prod-Open,10.0,100000.0,2000.0,3.0,147.8,193.54,76.37,150.42,59896.12,0.0,137,1721
DR,10.0,600000.0,9000.0,2.38,143.65,392.83,36.57,617.1,9830.87,0.1,137,1723
Prod-iSeries,10.0,500000.0,7000.0,1.75,153.99,202.06,76.21,434.77,13301.98,1.7,137,1723
Prod-Open,10.0,100000.0,2000.0,3.0,148.06,193.66,76.46,150.57,42517.78,0.0,137,1723
DR,10.0,600000.0,9000.0,2.38,143.91,392.83,36.63,617.31,4728.32,0.11,137,1726
Prod-iSeries,10.0,500000.0,7000.0,1.75,154.51,202.06,76.47,434.77,7956.14,1.3,137,1726
Prod-Open,10.0,100000.0,2000.0,3.0,149.11,193.42,77.09,151.85,54883.53,0.0,137,1726
DR,10.0,600000.0,9000.0,2.38,144.14,392.81,36.69,617.56,7584.17,0.1,137,1728
Prod-iSeries,10.0,500000.0,7000.0,1.75,153.75,202.06,76.09,434.77,8144.21,1.06,137,1728
Prod-Open,10.0,100000.0,2000.0,3.0,148.75,193.43,76.9,151.48,47952.99,0.0,137,1728
DR,10.0,600000.0,9000.0,2.38,144.21,392.84,36.71,617.62,8767.42,0.12,137,1730
Prod-iSeries,10.0,500000.0,7000.0,1.75,153.69,202.06,76.06,434.77,9632.38,1.59,137,1730
Prod-Open,10.0,100000.0,2000.0,3.0,149.49,193.62,77.21,152.03,43953.72,0.0,137,1730
DR,10.0,600000.0,9000.0,2.38,143.31,392.82,36.48,616.75,5624.52,0.1,137,1733
Prod-iSeries,10.0,500000.0,7000.0,1.75,153.46,202.06,75.95,434.77,7961.65,0.86,137,1733
DR,10.0,600000.0,9000.0,2.38,143.89,392.83,36.63,617.35,10741.77,0.1,137,1735
Prod-iSeries,10.0,500000.0,7000.0,1.75,154.0,202.06,76.21,434.77,14261.82,0.76,137,1735
Prod-Open,10.0,100000.0,2000.0,3.0,151.15,193.21,78.23,154.1,46406.64,0.0,137,1735
DR,10.0,600000.0,9000.0,2.38,141.47,392.86,36.01,614.89,9211.12,0.09,137,1737
Prod-iSeries,10.0,500000.0,7000.0,1.75,153.51,202.06,75.97,434.77,12070.05,1.63,137,1737
DR,10.0,100000.0,2000.0,3.0,80.31,195.45,41.09,81.01,1254.19,0.0,137,1740
Prod-Open,10.0,100000.0,2000.0,3.0,147.17,193.44,76.08,149.89,50780.34,0.0,137,1740
DR,10.0,600000.0,9000.0,2.38,141.87,392.82,36.12,615.24,8494.27,0.11,137,1742
Prod-iSeries,10.0,500000.0,7000.0,1.75,153.54,202.06,75.99,434.77,9566.02,1.37,137,1742
Prod-Open,10.0,100000.0,2000.0,3.0,146.76,193.33,75.91,149.59,45076.59,0.0,137,1742
DR,10.0,600000.0,9000.0,2.38,142.32,392.82,36.23,615.59,11773.5,0.2,137,1744
Prod-iSeries,10.0,500000.0,7000.0,1.75,153.56,202.06,76.0,434.77,19095.42,0.64,137,1744
Prod-Open,10.0,100000.0,2000.0,3.0,150.26,193.06,77.83,153.36,40689.43,0.0,137,1744
DR,10.0,600000.0,9000.0,2.38,140.8,392.49,35.87,614.46,9274.65,0.11,137,1747
Prod-iSeries,10.0,500000.0,7000.0,1.75,153.42,202.06,75.93,434.77,12907.49,0.68,137,1747
Prod-Open,10.0,100000.0,2000.0,3.0,150.44,193.33,77.81,153.27,50858.85,0.0,137,1747
DR,10.0,600000.0,9000.0,2.38,141.25,392.49,35.99,614.59,12264.31,0.11,137,1749
Prod-iSeries,10.0,500000.0,7000.0,1.75,153.97,202.06,76.2,434.77,18484.26,0.54,137,1749
Prod-Open,10.0,100000.0,2000.0,3.0,148.28,193.17,76.76,151.27,44774.23,0.0,137,1749
DR,10.0,600000.0,9000.0,2.38,140.51,392.46,35.8,614.09,9117.62,0.08,137,1751
Prod-iSeries,10.0,500000.0,7000.0,1.75,153.43,202.06,75.94,434.77,12317.78,0.93,137,1751
Prod-Open,10.0,100000.0,2000.0,3.0,150.09,193.45,77.59,152.8,40335.49,0.0,137,1751
DR,10.0,600000.0,9000.0,2.38,142.06,392.52,36.19,614.93,5765.15,0.11,137,1754
Prod-iSeries,10.0,500000.0,7000.0,1.75,154.28,202.06,76.36,434.77,7555.1,0.92,137,1754
Prod-Open,10.0,100000.0,2000.0,3.0,149.96,193.23,77.61,152.9,48676.15,0.0,137,1754
DR,10.0,600000.0,9000.0,2.38,141.15,392.5,35.96,614.71,15750.96,0.11,137,1756
Prod-iSeries,10.0,500000.0,7000.0,1.75,153.34,202.06,75.89,434.77,10956.55,0.93,137,1756
Prod-Open,10.0,100000.0,2000.0,3.0,148.81,193.33,76.98,151.65,42977.84,0.0,137,1756
DR,10.0,600000.0,9000.0,2.38,140.78,392.47,35.87,614.36,9731.21,0.1,137,1758
Prod-iSeries,10.0,500000.0,7000.0,1.75,153.5,202.06,75.97,434.77,10069.71,1.29,137,1758
Prod-Open,10.0,100000.0,2000.0,3.0,150.12,193.46,77.6,152.83,39093.67,0.0,137,1758
DR,10.0,600000.0,9000.0,2.38,140.99,392.47,35.92,614.57,4401.54,0.13,137,1761
Prod-iSeries,10.0,500000.0,7000.0,1.75,153.23,202.06,75.83,434.77,6067.17,0.92,137,1761
Prod-Open,10.0,100000.0,2000.0,3.0,151.07,193.27,78.17,153.96,49101.29,0.0,137,1761
DR,10.0,600000.0,9000.0,2.38,141.89,392.53,36.15,615.39,9609.29,0.09,137,1763
Prod-iSeries,10.0,500000.0,7000.0,1.75,153.8,202.06,76.12,434.77,13092.69,0.89,137,1763
Prod-Open,10.0,100000.0,2000.0,3.0,150.22,193.2,77.76,153.18,45114.01,0.0,137,1763
DR,10.0,600000.0,9000.0,2.38,141.89,392.48,36.15,615.4,11231.41,0.11,137,1765
Prod-iSeries,10.0,500000.0,7000.0,1.75,154.04,202.06,76.24,434.77,17190.64,1.19,137,1765
Prod-Open,10.0,100000.0,2000.0,3.0,152.18,193.34,78.71,154.99,40742.6,0.0,137,1765
DR,10.0,600000.0,9000.0,2.38,141.47,392.48,36.05,614.95,6926.85,0.22,137,1768
Prod-iSeries,10.0,500000.0,7000.0,1.75,153.66,202.06,76.05,434.77,15036.02,1.22,137,1768
Prod-Open,10.0,100000.0,2000.0,3.0,152.64,193.12,79.04,155.67,49982.87,0.0,137,1768
DR,10.0,600000.0,9000.0,2.38,142.02,392.5,36.18,615.42,12395.44,0.09,137,1770
Prod-iSeries,10.0,500000.0,7000.0,1.75,153.86,202.06,76.15,434.77,23776.0,0.75,137,1770
Prod-Open,10.0,100000.0,2000.0,3.0,151.39,193.06,78.42,154.49,45769.71,0.0,137,1770
DR,10.0,600000.0,9000.0,2.38,142.83,392.49,36.39,616.24,11789.14,0.09,137,1772
Prod-iSeries,10.0,500000.0,7000.0,1.75,153.96,202.06,76.2,434.77,18483.27,1.37,137,1772
Prod-Open,10.0,100000.0,2000.0,3.0,152.61,193.18,79.0,155.58,42202.72,0.0,137,1772
DR,10.0,600000.0,9000.0,2.38,141.85,392.46,36.14,615.26,5614.08,0.22,137,1775
Prod-iSeries,10.0,500000.0,7000.0,1.75,153.52,202.06,75.98,434.77,0.0,0.0,137,1775
Prod-Open,10.0,100000.0,2000.0,3.0,153.26,193.04,79.39,156.37,50899.04,0.0,137,1775
DR,10.0,600000.0,9000.0,2.38,143.31,392.49,36.51,616.69,10934.55,0.11,137,1777
Prod-iSeries,10.0,500000.0,7000.0,1.75,154.25,202.06,76.34,434.77,11008.86,1.29,137,1777
Prod-Open,10.0,100000.0,2000.0,3.0,151.63,193.08,78.53,154.71,47491.67,0.0,137,1777
DR,10.0,600000.0,9000.0,2.38,142.09,392.43,36.21,615.49,12171.66,0.11,137,1779
Prod-iSeries,10.0,500000.0,7000.0,1.75,154.08,202.06,76.26,434.77,16368.01,1.41,137,1779
Prod-Open,10.0,100000.0,2000.0,3.0,152.92,193.16,79.16,155.91,43513.17,0.0,137,1779
DR,10.0,600000.0,9000.0,2.38,144.0,392.54,36.68,617.29,5887.14,0.18,137,1782
Prod-iSeries,10.0,500000.0,7000.0,1.75,153.57,202.06,76.0,434.77,7033.95,1.09,137,1782
Prod-Open,10.0,100000.0,2000.0,3.0,153.49,192.57,79.71,157.08,53319.39,0.0,137,1782
DR,10.0,600000.0,9000.0,2.38,142.45,392.43,36.3,615.88,9142.64,0.08,137,1784
Prod-iSeries,10.0,500000.0,7000.0,1.75,154.16,202.06,76.29,434.77,11775.14,1.02,137,1784
Prod-Open,10.0,100000.0,2000.0,3.0,152.59,193.03,79.05,155.72,50532.99,0.0,137,1784
DR,10.0,600000.0,9000.0,2.38,142.87,392.43,36.41,616.29,9314.86,0.09,137,1786
Prod-iSeries,10.0,500000.0,7000.0,1.75,154.24,202.06,76.33,434.77,12446.76,1.0,137,1786
Prod-Open,10.0,100000.0,2000.0,3.0,153.71,193.12,79.59,156.75,43419.52,0.0,137,1786
DR,10.0,600000.0,9000.0,2.38,144.47,392.62,36.8,617.68,5633.7,0.22,137,1789
Prod-iSeries,10.0,500000.0,7000.0,1.75,154.52,202.06,76.47,434.77,6074.48,1.63,137,1789
Prod-Open,10.0,100000.0,2000.0,3.0,153.62,192.63,79.75,157.14,57429.45,0.0,137,1789
DR,10.0,600000.0,9000.0,2.38,144.61,392.74,36.82,617.68,8866.32,0.1,137,1791
Prod-iSeries,10.0,500000.0,7000.0,1.75,154.19,202.06,76.31,434.77,12581.46,0.95,137,1791
Prod-Open,10.0,100000.0,2000.0,3.0,149.96,192.61,77.85,153.5,46868.47,0.0,137,1791
DR,10.0,600000.0,9000.0,2.38,144.7,392.74,36.84,617.79,10537.94,0.1,137,1793
Prod-iSeries,10.0,500000.0,7000.0,1.75,154.05,202.06,76.24,434.77,11859.47,1.45,137,1793
DR,10.0,600000.0,9000.0,2.38,145.38,392.68,37.02,618.53,4935.48,0.25,137,1796
Prod-iSeries,10.0,500000.0,7000.0,1.75,153.58,202.06,76.01,434.77,4661.98,0.92,137,1796
Prod-Open,10.0,100000.0,2000.0,3.0,149.98,192.51,77.91,153.63,53194.41,0.0,137,1796
DR,10.0,600000.0,9000.0,2.38,145.35,392.71,37.01,618.4,18293.67,0.11,137,1798
Prod-iSeries,10.0,500000.0,7000.0,1.75,154.26,202.06,76.35,434.77,12072.68,1.08,137,1798
Prod-Open,10.0,100000.0,2000.0,3.0,151.66,192.55,78.77,155.27,44244.03,0.0,137,1798
DR,10.0,600000.0,9000.0,2.38,143.45,392.82,36.52,616.41,9118.37,0.11,137,1800
Prod-iSeries,10.0,500000.0,7000.0,1.75,153.79,202.06,76.11,434.77,8433.68,1.3,137,1800
Prod-Open,10.0,100000.0,2000.0,3.0,152.35,192.77,79.03,155.73,32573.38,0.0,137,1800
DR,10.0,600000.0,9000.0,2.38,143.24,392.81,36.47,616.2,5882.26,0.21,137,1803
Prod-iSeries,10.0,500000.0,7000.0,1.75,153.62,202.06,76.03,434.77,7343.7,1.22,137,1803
Prod-Open,10.0,100000.0,2000.0,3.0,149.13,193.47,77.08,151.81,40554.62,0.0,137,1803
DR,10.0,600000.0,9000.0,2.38,143.61,392.81,36.56,616.55,9390.6,0.07,137,1805
Prod-iSeries,10.0,500000.0,7000.0,1.75,154.35,202.06,76.39,434.77,10617.24,1.0,137,1805
Prod-Open,10.0,100000.0,2000.0,3.0,151.31,193.2,78.32,154.27,33860.44,0.0,137,1805
DR,10.0,600000.0,9000.0,2.38,143.8,392.83,36.61,616.7,9501.8,0.09,137,1807
Prod-iSeries,10.0,500000.0,7000.0,1.75,154.23,202.06,76.33,434.77,15518.65,1.17,137,1807
Prod-Open,10.0,100000.0,2000.0,3.0,151.45,192.68,78.6,154.93,31508.54,0.0,137,1807
DR,10.0,600000.0,9000.0,2.38,145.13,392.67,36.96,618.23,4090.95,0.06,137,1810
Prod-iSeries,10.0,500000.0,7000.0,1.75,153.27,202.06,75.85,434.77,4836.17,1.08,137,1810
Prod-Open,10.0,100000.0,2000.0,3.0,154.39,192.22,80.32,158.33,41122.44,0.0,137,1810
DR,10.0,600000.0,9000.0,2.38,140.89,392.09,35.93,614.55,8435.18,0.1,137,1812
Prod-iSeries,10.0,500000.0,7000.0,1.75,154.21,202.06,76.32,434.77,9324.19,1.09,137,1812
Prod-Open,10.0,100000.0,2000.0,3.0,152.78,192.58,79.33,156.36,35720.35,0.0,137,1812
DR,10.0,600000.0,9000.0,2.38,141.07,392.08,35.98,614.67,11940.75,0.1,137,1814
Prod-iSeries,10.0,500000.0,7000.0,1.75,154.2,202.06,76.32,434.77,22140.74,1.84,137,1814
Prod-Open,10.0,100000.0,2000.0,3.0,152.88,192.8,79.3,156.24,31204.19,0.0,137,1814
DR,10.0,600000.0,9000.0,2.38,141.32,392.08,36.04,614.91,4879.89,0.07,137,1817
Prod-iSeries,10.0,500000.0,7000.0,1.75,153.65,202.06,76.04,434.77,8765.57,1.15,137,1817
Prod-Open,10.0,100000.0,2000.0,3.0,153.17,192.82,79.43,156.5,42809.43,0.0,137,1817
DR,10.0,600000.0,9000.0,2.38,141.29,392.07,36.04,614.87,6982.01,0.09,137,1819
Prod-iSeries,10.0,500000.0,7000.0,1.75,154.16,202.06,76.29,434.77,6828.84,1.06,137,1819
Prod-Open,10.0,100000.0,2000.0,3.0,152.62,192.43,79.31,156.35,37313.88,0.0,137,1819
DR,10.0,600000.0,9000.0,2.38,141.49,392.07,36.09,615.07,2324.31,0.05,137,1821
Prod-iSeries,10.0,500000.0,7000.0,1.75,153.45,202.06,75.94,434.77,4080.91,1.05,137,1821
Prod-Open,10.0,100000.0,2000.0,3.0,153.08,192.68,79.45,156.56,28904.82,0.0,137,1821
DR,10.0,600000.0,9000.0,2.38,141.54,392.08,36.1,615.03,3877.56,0.07,137,1824
Prod-iSeries,10.0,500000.0,7000.0,1.75,154.49,202.06,76.46,434.77,8122.44,1.34,137,1824
Prod-Open,10.0,100000.0,2000.0,3.0,153.28,192.55,79.61,156.89,43102.01,0.0,137,1824
DR,10.0,600000.0,9000.0,2.38,140.92,392.05,35.95,614.52,6803.47,0.09,137,1826
Prod-iSeries,10.0,500000.0,7000.0,1.75,154.03,202.06,76.23,434.77,7656.56,1.05,137,1826
Prod-Open,10.0,100000.0,2000.0,3.0,153.02,192.22,79.61,156.95,35131.65,0.0,137,1826
DR,10.0,600000.0,9000.0,2.38,141.37,392.1,36.06,614.92,6461.43,0.08,137,1828
Prod-iSeries,10.0,500000.0,7000.0,1.75,153.72,202.06,76.08,434.77,17006.97,1.45,137,1828
Prod-Open,10.0,100000.0,2000.0,3.0,153.97,192.26,80.08,157.86,31498.85,0.0,137,1828
DR,10.0,600000.0,9000.0,2.38,141.69,392.1,36.14,615.21,4028.14,0.07,137,1831
Prod-iSeries,10.0,500000.0,7000.0,1.75,153.58,202.06,76.01,434.77,8904.25,1.19,137,1831
Prod-Open,10.0,100000.0,2000.0,3.0,151.56,193.05,78.51,154.67,40926.64,0.0,137,1831
DR,10.0,600000.0,9000.0,2.38,141.18,392.08,36.01,614.7,7031.95,0.12,137,1833
Prod-iSeries,10.0,500000.0,7000.0,1.75,153.66,202.06,76.05,434.77,7202.78,1.5,137,1833
Prod-Open,10.0,100000.0,2000.0,3.0,153.18,192.43,79.6,156.91,36340.64,0.0,137,1833
Backup,20.0,40000.0,2000.0,1.75,12063.03,19508.31,61.84,12063.03,0.0,0.0,137,1835
DR,10.0,600000.0,9000.0,2.38,142.45,392.11,36.33,615.94,9591.62,0.11,137,1835
Prod-iSeries,10.0,500000.0,7000.0,1.75,154.26,202.06,76.35,434.77,17155.58,1.47,137,1835
Prod-Open,10.0,100000.0,2000.0,3.0,152.99,192.86,79.33,156.29,30130.42,0.0,137,1835
Backup,20.0,40000.0,2000.0,1.75,12081.97,18456.56,65.46,12081.97,0.0,0.0,137,1838
DR,10.0,600000.0,9000.0,2.38,141.56,392.12,36.1,615.06,4041.09,0.07,137,1838
Prod-iSeries,10.0,500000.0,7000.0,1.75,153.59,202.06,76.01,434.77,7926.07,1.22,137,1838
Prod-Open,10.0,100000.0,2000.0,3.0,153.56,192.52,79.76,157.2,41734.96,0.0,137,1838
Backup,20.0,40000.0,2000.0,1.75,12068.97,17947.65,67.25,12068.97,0.0,0.0,137,1840
DR,10.0,600000.0,9000.0,2.38,141.82,392.14,36.17,615.29,9567.57,0.09,137,1840
Prod-iSeries,10.0,500000.0,7000.0,1.75,154.52,202.06,76.47,434.77,9460.66,0.98,137,1840
Prod-Open,10.0,100000.0,2000.0,3.0,153.49,192.38,79.78,157.27,35689.17,0.0,137,1840
Backup,20.0,40000.0,2000.0,1.75,12072.73,19745.8,61.14,12072.73,0.0,0.0,137,1842
DR,10.0,600000.0,9000.0,2.38,142.13,392.11,36.25,615.6,9271.58,0.1,137,1842
Prod-iSeries,10.0,500000.0,7000.0,1.75,154.16,202.06,76.29,434.77,14885.92,1.46,137,1842
Prod-Open,10.0,100000.0,2000.0,3.0,152.66,192.68,79.23,156.13,29784.12,0.0,137,1842
Backup,20.0,40000.0,2000.0,1.75,12051.3,19135.11,62.98,12051.3,0.0,0.0,137,1845
DR,10.0,600000.0,9000.0,2.38,141.94,392.14,36.2,615.41,4042.27,0.07,137,1845
Prod-iSeries,10.0,500000.0,7000.0,1.75,153.53,202.06,75.98,434.77,5506.52,1.17,137,1845
Prod-Open,10.0,100000.0,2000.0,3.0,152.29,192.89,78.95,155.56,35690.89,0.0,137,1845
